cell_id,log10_dq_var,peak_c_rate,switch_soc,qd_initial_median,qd_slope_10_100,tavg_median_100,ir_median_100,qd_initial_median_clean,qd_slope_10_100_clean,dq_min,c_rate_1,c_rate_2,c_rate_gap,t80_min,chargetime_median_100,qd_change,effective_c_rate_80,qd_ratio
b1c0,-5.013577577359839,3.6,80.0,1.0725095,-5.659459459463169e-06,31.566971697416967,0.016619267,1.0725095,-5.0857142857160235e-06,-0.008410287955280649,3.6,3.6,0.0,13.333333333333334,13.358211666666708,0.003368899999999897,3.5999999999999996,1.0031411376775683
b1c1,-5.012870217794523,3.6,80.0,1.0772982,-1.5812499999996732e-05,31.258835086995443,0.016922649999999997,1.0772982,-1.5812499999996732e-05,-0.01093998083585479,3.6,3.6,0.0,13.333333333333334,13.341623333333215,0.0033767000000000102,3.5999999999999996,1.0031344153364408
b1c2,-4.735102637711575,3.6,80.0,1.082234,-6.0710144927520116e-06,31.406702352569752,0.016768869999999998,1.082234,-6.0710144927520116e-06,-0.017203969585016937,3.6,3.6,0.0,13.333333333333334,13.341569999999773,0.0027783000000001223,3.5999999999999996,1.0025671897205226
b1c3,-4.4408014506737254,4.0,80.0,1.0819938,-1.7333333333322913e-06,29.84754823539978,0.016314978,1.0819938,-1.7333333333322913e-06,-0.018958146137720955,4.0,4.0,0.0,12.0,12.092243333333318,0.0027744000000000657,4.0,1.0025641551735325
b1c4,-4.645974140166704,4.0,80.0,1.0797466,-5.944444444461183e-07,31.367527119565263,0.0166772445,1.0797466,-5.944444444461183e-07,-0.01395668298702668,4.0,4.0,0.0,12.0,12.092204999999861,0.0028991000000000433,4.0,1.0026849818281438
b1c5,-4.177065724853818,4.4,80.0,1.0775996,-4.706329113925877e-06,30.819317383912274,0.016273551,1.0775996,-4.706329113925877e-06,-0.025174708335903073,4.4,4.4,0.0,10.90909090909091,10.91741500000062,0.002190999999999832,4.3999999999999995,1.0020332227294813
b1c6,-3.7672243344752987,4.8,80.0,1.0784051,-2.6568421052635944e-05,32.22769727735856,0.016664638,1.0784051,-2.6568421052635944e-05,-0.03787722954977368,4.8,4.8,0.0,10.000000000000002,10.008315000000099,0.001002400000000181,4.799999999999999,1.0009295208266358
b1c7,-3.8118988992782015,4.8,80.0,1.0959545,-2.2133333333330928e-05,31.948692868224295,0.016208507,1.0959545,-2.2133333333330928e-05,-0.03802535439863153,4.8,4.8,0.0,10.000000000000002,10.009005000000373,-8.030000000003312e-05,4.799999999999999,0.9999267305348899
b1c8,-3.9995935498453883,5.4,40.0,1.0920961,-1.0100000000123899e-05,32.04942305234662,0.016721431,1.0920961,-1.0100000000123899e-05,-0.03076798386255941,5.4,3.6,1.8000000000000003,11.11111111111111,11.20847000000067,0.0020780000000000243,4.32,1.0019027629528208
b1c9,-4.057733537437573,5.4,40.0,1.0842299,4.976470588232543e-06,32.60532403173157,0.016842652,1.0842299,4.976470588232543e-06,-0.028470312246022256,5.4,3.6,1.8000000000000003,11.11111111111111,11.208363333333303,0.0034415000000000973,4.32,1.003174142310593
b1c10,-4.020933202121082,5.4,50.0,1.076798,-4.91818181818026e-06,33.15098668425846,0.016564669,1.076798,-4.91818181818026e-06,-0.026960335152302672,5.4,3.0,2.4000000000000004,11.555555555555555,11.652169999999993,0.004905700000000124,4.153846153846154,1.0045558219833248
b1c11,-4.14558720849294,5.4,50.0,1.0558786,-3.0272727272840814e-06,32.700295984432266,0.0161848515,1.0558786,-3.0272727272840814e-06,-0.023625692892509487,5.4,3.0,2.4000000000000004,11.555555555555555,11.652381666667255,0.004093300000000077,4.153846153846154,1.0038766767315865
b1c12,-4.123554801708264,5.4,50.0,1.0793798,-2.5500000000032773e-06,33.423684964684114,0.016434561,1.0793798,-2.5500000000032773e-06,-0.027433281508199125,5.4,3.6,1.8000000000000003,10.555555555555555,10.65295333333294,0.0026002000000000525,4.5473684210526315,1.0024089759693484
b1c13,-4.046302506194606,5.4,50.0,1.081895,-1.1311267605633036e-05,32.03598200646357,0.017032826,1.081895,-1.1311267605633036e-05,-0.02912834262498909,5.4,3.6,1.8000000000000003,10.555555555555555,10.65265833333348,0.0018217999999998735,4.5473684210526315,1.0016838972358684
b1c14,-4.044369788428395,5.4,60.0,1.0724825,8.719318181817219e-06,33.01143538440852,0.016964767,1.0724825,8.719318181817219e-06,-0.028288792973624965,5.4,3.0,2.4000000000000004,10.666666666666668,10.763341666666626,0.003748599999999991,4.499999999999999,1.0034952551673337
b1c15,-4.0162479068343115,5.4,60.0,1.0637267,1.1793333333335691e-05,33.09224619604321,0.016799783,1.0637267,1.1793333333335691e-05,-0.02893879545693756,5.4,3.0,2.4000000000000004,10.666666666666668,10.763519999999941,0.004038700000000173,4.499999999999999,1.0037967459122725
b1c16,-4.097665594491119,5.4,60.0,1.0833585,5.944117647061584e-06,32.351221774255514,0.016700174499999998,1.0833585,5.944117647061584e-06,-0.027606410773651113,5.4,3.6,1.8000000000000003,10.000000000000002,10.09699833333337,0.003020100000000081,4.799999999999999,1.002787719854508
b1c17,-3.9683832255679046,5.4,60.0,1.073923,1.0538461538465673e-06,31.9939716042831,0.016683105,1.073923,1.0538461538465673e-06,-0.031063296989422007,5.4,3.6,1.8000000000000003,10.000000000000002,10.103795000000051,0.0030938000000000354,4.799999999999999,1.0028808396877615
b1c18,-3.6483555217362436,5.4,70.0,1.0674137,-6.550862068965442e-05,31.71161644383056,0.019886132,1.0674137,-6.533888888888346e-05,-0.04412858894213878,5.4,3.0,2.4000000000000004,9.777777777777779,9.957751666666688,-0.0027130999999998018,4.909090909090908,0.9974582488495325
b1c19,-3.618263979126611,5.4,70.0,1.0869932,-2.0853846153843737e-05,33.02017593106701,0.016325571,1.0869932,-2.0853846153843737e-05,-0.045864880039653944,5.4,3.0,2.4000000000000004,9.777777777777779,9.957913333333272,0.0001706999999999681,4.909090909090908,1.000157038700886
b1c20,-3.3654466307618724,5.4,80.0,1.0744811,-0.00015732962962962857,32.11258446685879,0.0151654865,1.0744811,-0.00015732962962962857,-0.0635681076864093,5.4,5.4,0.0,8.88888888888889,9.006340000000394,-0.012733500000000175,5.3999999999999995,0.988149163349639
b1c21,-3.348682454033381,5.4,80.0,1.0844665,-0.00010192638888888933,33.086142940839714,0.0151120665,1.0844665,-0.00010192638888888933,-0.06471986444729538,5.4,5.4,0.0,8.88888888888889,8.985736666666586,-0.007421099999999958,5.3999999999999995,0.9931569117164984
b1c22,-3.9504079032034474,6.0,30.0,1.0813867,-2.0263235294118278e-05,32.77814718665466,0.016594604,1.0813867,-2.0263235294118278e-05,-0.032138782242386976,6.0,3.6,2.4,11.333333333333332,11.43029333333349,0.0007340000000000124,4.235294117647059,1.0006787581167773
b1c23,-4.038995813132207,6.0,30.0,1.0813111,-1.649552238805681e-05,31.92229278765885,0.016829848,1.0813111,-1.649552238805681e-05,-0.02991889213923249,6.0,3.6,2.4,11.333333333333332,11.430255000000004,0.00041090000000010285,4.235294117647059,1.0003800016479996
b1c24,-3.937010308256181,6.0,40.0,1.0761921,-8.590140845069591e-06,33.36125883258317,0.016575195,1.0761921,-8.590140845069591e-06,-0.03182027698732148,6.0,3.0,3.0,12.0,12.098313333333742,0.0014392999999999212,4.0,1.0013374006369309
b1c25,-4.026264278340627,6.0,40.0,1.0766819,-1.4691666666668176e-05,33.818621359592235,0.016592251,1.0766819,-1.4691666666668176e-05,-0.029411684306467678,6.0,3.0,3.0,12.0,12.09737499999998,0.0014448000000000238,4.0,1.0013419005186213
b1c26,-3.793376555652849,6.0,40.0,1.0895739,-2.4321621621623367e-05,33.13189976172951,0.016286567,1.0895739,-2.4321621621623367e-05,-0.03835343996339391,6.0,3.6,2.4,10.666666666666668,10.765060000000327,-0.00013689999999999536,4.499999999999999,0.9998743545527293
b1c27,-3.852049304954732,6.0,40.0,1.0807079,-2.2084000000006655e-05,33.872707935886,0.016091034,1.0807079,-2.2084000000006655e-05,-0.03583116104070927,6.0,3.6,2.4,10.666666666666668,10.763831666666677,0.00037960000000003546,4.499999999999999,1.000351251249297
b1c28,-3.8429181621344894,6.0,50.0,1.0796903,-1.4990000000003612e-05,33.75822101473294,0.016677085,1.0796903,-1.4990000000003612e-05,-0.03719406605765385,6.0,3.0,3.0,11.0,11.178876666666474,5.900000000003125e-05,4.363636363636363,1.0000546452996752
b1c29,-3.8365207683997204,6.0,50.0,1.0812927,-1.56000000000045e-05,32.67099526443202,0.016537232,1.0812927,-1.56000000000045e-05,-0.03685316559402796,6.0,3.0,3.0,11.0,11.179469999999856,0.000609899999999941,4.363636363636363,1.0005640470891923
b1c30,-3.7430517035780384,6.0,50.0,1.0818657,-2.9398529411763535e-05,33.51565886392693,0.016003853,1.0818657,-2.9398529411763535e-05,-0.040806421784368,6.0,3.6,2.4,10.000000000000002,10.09681166666669,-0.00036239999999998496,4.799999999999999,0.9996650231170098
b1c31,-3.77596067339748,6.0,50.0,1.0967276,-3.5819047619046697e-05,30.34183269795534,0.016865432,1.0967276,-3.5819047619046697e-05,-0.03945711827347265,6.0,3.6,2.4,10.000000000000002,10.096814999999818,-0.0012484999999999857,4.799999999999999,0.9988616134033648
b1c32,-3.644736701409476,6.0,60.0,1.0795897,-2.257368421052391e-05,33.04941632723948,0.016162833,1.0795897,-2.257368421052391e-05,-0.04555537509365781,6.0,3.0,3.0,10.000000000000002,10.096439999999953,-0.00011220000000000674,4.799999999999999,0.9998960716279527
b1c33,-3.665252040385405,6.0,60.0,1.0946157,-3.340833333333645e-05,33.64032455514022,0.016488729,1.0946157,-3.340833333333645e-05,-0.04490022728118315,6.0,3.0,3.0,10.000000000000002,10.096583333333305,-0.0007572000000000134,4.799999999999999,0.9993082503749946
b1c34,-3.8468627949330156,7.0,30.0,1.0782866,-1.311636363636333e-05,32.62002792766739,0.016857415,1.0782866,-1.311636363636333e-05,-0.037208597533388454,7.0,3.6,3.4,10.904761904761905,11.001284999999916,0.00123950000000006,4.401746724890829,1.001149508859704
b1c35,-3.770851163886479,7.0,30.0,1.0727253,-8.64852941176605e-06,32.03515981278966,0.016958555,1.0727253,-8.64852941176605e-06,-0.0391519292669974,7.0,3.6,3.4,10.904761904761905,11.001281666666667,0.0013145999999999436,4.401746724890829,1.0012254768299023
b1c36,-3.6676758667744522,7.0,40.0,1.0799077,-1.8918749999999318e-05,32.01632083484572,0.016428975,1.0799077,-1.8918749999999318e-05,-0.044611849761413414,7.0,3.0,4.0,11.428571428571427,11.52468333333333,0.00038970000000015936,4.2,1.000360864173855
b1c37,-3.6721919959649414,7.0,40.0,1.0766596,-2.2284615384617103e-05,32.91670765451218,0.016540263,1.0766596,-2.2284615384617103e-05,-0.044533800653104416,7.0,3.0,4.0,11.428571428571427,11.524764999999995,0.00022190000000010812,4.2,1.0002061004239409
b1c38,-3.431615097196883,7.0,40.0,1.0743377,-1.9927777777780282e-05,33.689996935041165,0.016196873,1.0743377,-1.9927777777780282e-05,-0.056287034607360065,7.0,3.6,3.4,10.095238095238097,10.193719999999969,0.0006348999999998828,4.754716981132074,1.0005909687428822
b1c39,-3.502759314549325,7.0,40.0,1.0838681,-1.6410714285716326e-05,33.496211521901266,0.016678439,1.0838681,-1.6410714285716326e-05,-0.05312352835422629,7.0,3.6,3.4,10.095238095238097,10.274616666666892,0.0009876000000001994,4.754716981132074,1.0009111809822617
b1c40,-4.0547193544250035,8.0,15.0,1.0854201,-1.988888888888925e-05,33.44210184234233,0.016673233,1.0854201,-1.988888888888925e-05,-0.02879457967566379,8.0,3.6,4.4,11.958333333333332,12.054698333333363,0.0004193999999999587,4.013937282229966,1.000386394171252
b1c41,-4.070159478155119,8.0,15.0,1.0810505,-1.1224999999994342e-05,33.05365605992836,0.016742818,1.0810505,-1.1224999999994342e-05,-0.028461682651239162,8.0,3.6,4.4,11.958333333333332,12.054646666666182,0.0012020000000001474,4.013937282229966,1.0011118814523468
b1c42,-3.664570467075268,8.0,25.0,1.0821602,-7.193670886076925e-06,33.567920671804195,0.016713146,1.0821602,-7.193670886076925e-06,-0.04469508374389641,8.0,3.6,4.4,11.041666666666668,11.138530000000417,0.001121900000000009,4.347169811320755,1.0010367226589927
b1c43,-3.6657161617516434,8.0,25.0,1.0701088,-3.2673846153844586e-05,33.31609143036837,0.01610462,1.0701088,-3.2673846153844586e-05,-0.04460221709336598,8.0,3.6,4.4,11.041666666666668,11.138113333333118,-0.001191500000000012,4.347169811320755,0.9988865618150229
b1c44,-3.41873341535694,8.0,35.0,1.0867941,-4.331803278688598e-05,32.527535071294594,0.017402867,1.0867941,-4.331803278688598e-05,-0.05866157988060272,8.0,3.6,4.4,10.125,10.22140833333348,-0.0019862999999999964,4.7407407407407405,0.998172330895061
b1c45,-3.423477408844676,8.0,35.0,1.0860058,-2.3839726027397642e-05,32.984174043639676,0.016666809,1.0860058,-2.3839726027397642e-05,-0.05908209148551391,8.0,3.6,4.4,10.125,10.221549999999842,-5.749999999982158e-05,4.7407407407407405,0.9999470536897687
b2c0,-3.4855341756339127,5.2,58.0,1.1039258,1.730705882352749e-05,31.797377423225004,0.017348919,1.1039258,1.730705882352749e-05,-0.055060790563461026,5.2,4.0,1.2000000000000002,9.992307692307692,10.173191666666874,0.0008603999999998724,4.803695150115473,1.000779400209688
b2c1,-3.2962119284302838,5.6,26.0,1.1061165,-1.983333333334854e-05,33.626888518614805,0.017506651499999998,1.1061165,-1.983333333334854e-05,-0.0661136660024827,5.6,4.5,1.0999999999999996,9.985714285714286,10.176859166666691,-0.002044900000000016,4.8068669527897,0.998151279725056
b2c2,-3.4585579658455567,5.2,50.0,1.0748364,-1.507000000000221e-05,33.19722551052343,0.016449701,1.0748364,-1.5816666666668144e-05,-0.05254704591460302,5.2,4.25,0.9500000000000002,10.00452488687783,10.17488666666759,-0.00045600000000001195,4.797829036635006,0.999575749388465
b2c3,-3.4947714200045623,5.0,44.0,1.0979534,8.066346153846348e-05,33.98195814513528,0.0159056525,1.0979534,8.066346153846348e-05,-0.05586476693130615,4.65,5.0,-0.34999999999999964,9.997419354838708,10.173144166667043,0.0023759000000000974,4.80123902942695,1.0021639351906921
b2c4,-3.2308306979362817,6.0,69.0,1.0895668,-6.163750000000301e-05,33.07653234869355,0.0161336105,1.0895668,-6.163750000000301e-05,-0.07025791275442983,4.65,6.0,-1.3499999999999996,10.003225806451614,10.229690833332885,-0.007794599999999985,4.798452112221864,0.9928461476616212
b2c5,-3.084043485201246,6.0,30.0,1.0988965,-0.00019055625000000131,32.98749145971284,0.0152398585,1.0988965,-0.00019081836734693934,-0.08614498927221281,3.6,6.0,-2.4,10.0,10.201059166666042,-0.019760599999999906,4.8,0.9820177787444041
b2c6,-3.5284600452805113,5.0,9.0,1.088747,7.424393939393883e-05,33.79093031500476,0.016009021,1.088747,7.424393939393883e-05,-0.049871831259500454,3.6,5.0,-1.4,10.020000000000001,10.179360833333341,0.0018500000000001293,4.790419161676646,1.0016992010081316
b2c7,-4.229992471063789,4.8,80.0,1.0912503,5.251249999999735e-05,33.76475622940447,0.014786931,1.0912503,5.251249999999735e-05,-0.021735165503746767,4.8,4.8,0.0,10.000000000000002,10.035633333332953,0.004327299999999923,4.799999999999999,1.0039654513726135
b2c8,-4.1009041593689135,5.2,58.0,1.0906397,-2.27093023255799e-05,33.627433723124184,0.0164662285,1.0906397,-2.2163934426226192e-05,-0.027828597564919066,5.2,4.0,1.2000000000000002,9.992307692307692,10.039811666667083,0.0002940999999998528,4.803695150115473,1.0002696582565258
b2c9,-4.3432519063320605,5.6,26.0,1.0973413,-2.9913333333331237e-05,32.3489019808451,0.015404553000000001,1.0973413,-2.9913333333331237e-05,-0.019754140731458203,5.6,4.5,1.0999999999999996,9.985714285714286,10.04024166666677,0.00020730000000002136,4.8068669527897,1.0001889111436888
b2c10,-3.449014152148745,4.8,80.0,1.1100956,5.627051282051326e-05,31.731457655998824,0.017048484500000002,1.1100956,5.583035714285771e-05,-0.05580082113679419,4.8,4.8,0.0,10.000000000000002,10.170869166666792,0.006516799999999989,4.799999999999999,1.005870485388826
b2c11,-3.4837200727298603,5.2,50.0,1.0971565,0.00010600222222222221,33.18467127964352,0.017202097,1.0971565,0.00010584545454545316,-0.05489468711323375,5.2,4.25,0.9500000000000002,10.00452488687783,10.173719999999836,0.011537699999999873,4.797829036635006,1.0105160020471098
b2c12,-3.1662118162641906,5.0,44.0,1.1027371,3.653521126760543e-05,31.365135486347217,0.016500118,1.1027371,3.653521126760543e-05,-0.07732821527473377,4.65,5.0,-0.34999999999999964,9.997419354838708,10.17462499999965,0.004378300000000168,4.80123902942695,1.0039703933058932
b2c13,-3.342588861484478,6.0,69.0,1.0958209,-1.0409259259259441e-05,31.978142553781545,0.016027561,1.0958209,-1.0409259259259441e-05,-0.0646721540756976,4.65,6.0,-1.3499999999999996,10.003225806451614,10.212831666666897,-0.00016009999999999636,4.798452112221864,0.9998538994830268
b2c14,-3.1166833648295236,6.0,30.0,1.0844886,-9.176666666665945e-05,32.13998334509344,0.0161879705,1.0844886,-9.176666666665945e-05,-0.0837068869930151,3.6,6.0,-2.4,10.0,10.23871166666698,-0.0070110000000001005,4.8,0.993535201753158
b2c15,-3.5145212251227322,5.0,9.0,1.0697494,8.325774647887258e-05,32.855357396272964,0.0162351725,1.0697494,8.325774647887258e-05,-0.05092642566728167,3.6,5.0,-1.4,10.020000000000001,10.174974166667623,0.007839599999999836,4.790419161676646,1.007328445334954
b2c16,-3.49313464519234,4.8,80.0,1.0965325,-1.7838461538462086e-05,32.77805254225443,0.0174804285,1.0965325,-1.7838461538462086e-05,-0.05324511806113641,4.8,4.8,0.0,10.000000000000002,10.171572499999456,-0.0015790999999998334,4.799999999999999,0.9985599150047993
b2c17,-3.4986746066574117,5.6,26.0,1.0920639,4.140149253731337e-05,33.0179322423747,0.0170602995,1.0920639,4.140149253731337e-05,-0.052550860378589914,5.6,4.5,1.0999999999999996,9.985714285714286,10.177116666667281,0.0016963999999999313,4.8068669527897,1.0015533889546206
b2c18,-3.7055938751133812,5.2,50.0,1.0767643,0.00010973695652174142,32.90893137987737,0.016633671,1.0767643,0.00010973695652174142,-0.0397453227431227,5.2,4.25,0.9500000000000002,10.00452488687783,10.173985833333184,0.008432100000000053,4.797829036635006,1.00783096170629
b2c19,-3.290169215638233,6.0,60.0,1.0921835,2.0952173913041786e-05,32.787349099273044,0.0167028615,1.0921835,2.0952173913041786e-05,-0.06564792020635524,6.0,3.0,3.0,10.000000000000002,10.174563333333328,0.002599599999999924,4.799999999999999,1.002380186113414
b2c20,-3.4397343553722965,5.2,58.0,1.0981072,3.475294117646856e-05,33.65442251018233,0.016594772,1.0981072,3.475294117646856e-05,-0.06049164212657554,5.2,4.0,1.2000000000000002,9.992307692307692,10.172896666666688,0.005238999999999994,4.803695150115473,1.0047709367537159
b2c21,-3.3248965497121463,6.0,60.0,1.099995,3.30131147540958e-05,33.622682270441715,0.017185221,1.099995,3.2614285714285154e-05,-0.06446589912279876,6.0,3.0,3.0,10.000000000000002,10.174734166667136,0.002684099999999967,4.799999999999999,1.0024401020004636
b2c24,-3.639005517758437,4.8,80.0,1.0940183,3.980952380952309e-05,33.21509764423301,0.0164960595,1.0940183,3.980952380952309e-05,-0.045726543134292585,4.8,4.8,0.0,10.000000000000002,10.16985833333359,0.006717499999999932,4.799999999999999,1.00614020807513
b2c25,-3.532775117235063,5.2,58.0,1.0995392,4.197014925373189e-05,32.24648756606806,0.0167213005,1.0995392,4.197014925373189e-05,-0.05050811398009791,5.2,4.0,1.2000000000000002,9.992307692307692,10.173032500000165,0.0068310000000000315,4.803695150115473,1.0062126025156721
b2c26,-3.2202679446646227,5.6,26.0,1.1056468,-4.813333333331116e-06,34.24360143246237,0.0176412945,1.1056468,-4.813333333331116e-06,-0.07330349269791514,5.6,4.5,1.0999999999999996,9.985714285714286,10.177571666666335,0.0007614000000000232,4.8068669527897,1.0006886466817433
b2c27,-3.4844911773602054,5.2,50.0,1.0945592,8.428431372548986e-05,33.31431445770387,0.017580919,1.0945592,8.428431372548986e-05,-0.054476582599752105,5.2,4.25,0.9500000000000002,10.00452488687783,10.174634999999398,0.009520399999999984,4.797829036635006,1.008697930637283
b2c28,-3.4216650032550766,4.8,80.0,1.0904486,5.448979591836633e-05,32.15803005444087,0.0162367115,1.0904486,5.448979591836633e-05,-0.056484774535929816,4.8,4.8,0.0,10.000000000000002,10.17329416666665,0.008049299999999926,4.799999999999999,1.007381640913657
b2c29,-3.5064830271012917,5.2,58.0,1.1030062,0.00011400555555555562,31.82177809759724,0.016726107499999997,1.1030062,0.00011400555555555562,-0.05263086704473119,5.2,4.0,1.2000000000000002,9.992307692307692,10.172925833333284,0.012974400000000053,4.803695150115473,1.011762762530256
b2c30,-3.1836334419458834,5.6,26.0,1.0950533,-8.44933333333279e-05,33.81446410685048,0.016807177,1.0950533,-8.44933333333279e-05,-0.07551824618194791,5.6,4.5,1.0999999999999996,9.985714285714286,10.179420833333278,-0.003225199999999928,4.8068669527897,0.9970547552342887
b2c31,-3.3506569575999294,5.6,26.0,1.0990092,4.525227272727578e-05,33.4210342512753,0.016293035,1.0990092,4.525227272727578e-05,-0.06421617873478391,5.6,4.5,1.0999999999999996,9.985714285714286,10.178263333333597,0.0035775000000000112,4.8068669527897,1.0032552047789955
b2c32,-4.129678017622806,4.8,80.0,1.0897303,-5.9569230769218606e-05,32.17016821167344,0.014793261,1.0897303,-5.9569230769218606e-05,-0.027460305122175677,4.8,4.8,0.0,10.000000000000002,10.040889166666602,-0.0012541000000001468,4.799999999999999,0.9988491647887554
b2c33,-4.22989624959194,5.2,58.0,1.0738243,-4.097142857143307e-05,32.75191114919927,0.014988314499999999,1.0738243,-4.023076923077317e-05,-0.024081721925241384,5.2,4.0,1.2000000000000002,9.992307692307692,10.039250833333305,-0.005220900000000084,4.803695150115473,0.9951380314265564
b2c34,-4.447098756963409,5.6,26.0,1.0676959,-2.9499999999978616e-05,35.67517232872889,0.0149477035,1.0676959,-2.9499999999978616e-05,-0.019141839468603483,5.6,4.5,1.0999999999999996,9.985714285714286,10.040178333333218,-0.0033414999999998862,4.8068669527897,0.9968703635557654
b2c41,-3.170672943432748,5.6,26.0,1.1052881,2.9273170731706942e-05,30.215504884148572,,1.1052881,2.9273170731706942e-05,-0.0809081531963623,5.6,4.5,1.0999999999999996,9.985714285714286,10.177162500000364,0.0038524999999998144,4.8068669527897,1.0034855165816041
b2c42,-3.4806563988002157,5.2,50.0,1.1033003,9.423888888889416e-05,31.73396152496027,,1.1033003,9.423888888889416e-05,-0.05416455819922383,5.2,4.25,0.9500000000000002,10.00452488687783,10.175186666666802,0.01005950000000011,4.797829036635006,1.0091176445796308
b2c43,-4.270993408374307,4.8,80.0,1.1010081,-5.7499999999999216e-05,33.915530000006015,,1.1010081,-5.7499999999999216e-05,-0.01916433204289414,4.8,4.8,0.0,10.000000000000002,10.036843333333188,-0.004385800000000106,4.799999999999999,0.9960165597328484
b2c44,-4.362945190286398,5.2,58.0,1.0982679,-2.5071428571429312e-05,33.96662223697559,,1.0982679,-2.5071428571429312e-05,-0.0203021850602062,5.2,4.0,1.2000000000000002,9.992307692307692,10.040326666667049,-0.0011494999999999145,4.803695150115473,0.9989533519098575
b2c45,-4.173598504869471,5.6,26.0,1.1030351,-5.8527631578945315e-05,35.27115770516819,,1.1030351,-5.8072463768114083e-05,-0.02666158072489766,5.6,4.5,1.0999999999999996,9.985714285714286,10.040354166666777,-0.003489400000000087,4.8068669527897,0.9968365467245783
b2c46,-3.5074585842259007,4.8,80.0,1.102284,2.542702702702605e-05,29.84818520535628,,1.102284,2.542702702702605e-05,-0.0528559144132299,4.8,4.8,0.0,10.000000000000002,10.169824166667727,-0.00015819999999999723,4.799999999999999,0.9998564798182683
b3c0,-4.243410237343249,5.0,67.0,1.0687084,-1.831052631578719e-05,32.17252934454541,0.015232972000000001,1.0687084,-1.831052631578719e-05,-0.023310747915891605,5.0,4.0,1.0,9.99,10.042388333333172,0.0007634000000000807,4.804804804804805,1.0007143202018438
b3c1,-4.283896107677409,5.3,54.0,1.0667455,-2.5204444444441402e-05,34.82235992046563,0.014974583999999999,1.0667455,-2.5204444444441402e-05,-0.02232338801548517,5.3,4.0,1.2999999999999998,10.013207547169811,10.04128166666657,-0.00020809999999982232,4.7936687394007915,0.9998049206675821
b3c2,-4.778373722359056,5.6,19.0,1.0614486,-2.7788679245281903e-05,36.77135577544607,0.0146157935,1.0614486,-2.7788679245281903e-05,-0.008587068750025073,5.6,4.6,1.0,9.992236024844724,10.043703333333056,-0.0005901999999999852,4.803729603729602,0.9994439674233873
b3c3,-4.115078789743092,5.6,36.0,1.063585,-2.2345454545451155e-05,36.07328158931408,0.0149989765,1.063585,-2.2345454545451155e-05,-0.026832297782658943,5.6,4.3,1.2999999999999998,9.996677740863788,10.04136249999962,9.60000000005401e-06,4.8015952143569285,1.0000090260769003
b3c4,-4.176881128941687,5.6,19.0,1.0734055,-1.351527777777707e-05,32.09987075331409,0.015128524,1.0734055,-1.351527777777707e-05,-0.024809114953020184,5.6,4.6,1.0,9.992236024844724,10.045821666666598,0.0004452999999999818,4.803729603729602,1.000414847883675
b3c5,-4.112687311036453,5.6,36.0,1.0526897,-2.3470491803281094e-05,35.44742674973568,0.015176964,1.0526897,-2.3470491803281094e-05,-0.025443235217139093,5.6,4.3,1.2999999999999998,9.996677740863788,10.042023333333297,-0.000781900000000002,4.8015952143569285,0.9992572360117136
b3c6,-3.5238113313521158,5.9,31.0,1.0630208,-0.00020308484848485125,34.10583874975731,0.0137505765,1.0630208,-0.00020308484848485125,-0.053199714069875004,3.7,5.9,-2.2,10.010077874484654,10.077624166666403,-0.018918400000000002,4.795167490389896,0.9822031704365521
b3c7,-4.487131465215168,4.8,80.0,1.0687692,-1.2279687500001829e-05,32.771511789323775,0.0154261015,1.0687692,-1.2279687500001829e-05,-0.017058447168561974,4.8,4.8,0.0,10.000000000000002,11.03865666666631,0.0010065000000001323,4.799999999999999,1.000941737467734
b3c8,-4.090048391021646,5.0,67.0,1.0662173,-1.4699999999967516e-05,33.040252886524435,0.015248293999999999,1.0662173,-1.4699999999967516e-05,-0.026848882326495627,5.0,4.0,1.0,9.99,10.04311416666654,0.0009364000000000594,4.804804804804805,1.0008782449881464
b3c9,-3.9804382212086953,5.3,54.0,1.0709082,-9.890476190467182e-06,33.07251650386781,0.0157920615,1.0709082,-9.890476190467182e-06,-0.029571802143699588,5.3,4.0,1.2999999999999998,10.013207547169811,10.041714166666498,0.001537399999999911,4.7936687394007915,1.001435603910774
b3c10,-4.409700596482321,4.8,80.0,1.0630711,-1.1995238095238505e-05,32.502467444730186,0.015365896,1.0630711,-1.1995238095238505e-05,-0.01909299674659337,4.8,4.8,0.0,10.000000000000002,11.038147499999953,0.0006858000000000697,4.799999999999999,1.000645112071996
b3c11,-3.8831656923816253,5.6,19.0,1.0690908,-2.6379166666673504e-05,34.189838123598726,0.015526446,1.0690908,-2.6379166666673504e-05,-0.034063291081549485,5.6,4.6,1.0,9.992236024844724,10.042707500000203,-0.0006464999999999943,4.803729603729602,0.9993952805505388
b3c12,-3.944938019138822,5.6,36.0,1.0754544,-1.6079999999998115e-05,33.21029635187014,0.0160469765,1.0754544,-1.6079999999998115e-05,-0.03173009225914547,5.6,4.3,1.2999999999999998,9.996677740863788,10.042370833333067,0.00014300000000000423,4.8015952143569285,1.0001329670509507
b3c13,-4.092756384666653,5.6,19.0,1.0671138,-2.5383333333329706e-05,34.14266932470552,0.0151160665,1.0671138,-2.5383333333329706e-05,-0.0276453085493521,5.6,4.6,1.0,9.992236024844724,10.042263333333054,0.00025570000000008086,4.803729603729602,1.0002396183050017
b3c14,-3.9979125360664836,5.6,36.0,1.0748252,-9.187096774192708e-06,33.11578578164113,0.015552638,1.0748252,-9.187096774192708e-06,-0.02928134095966828,5.6,4.3,1.2999999999999998,9.996677740863788,10.041927499999776,0.001603499999999869,4.8015952143569285,1.0014918704920575
b3c15,-3.9989356317027744,5.9,15.0,1.0695444,-1.969090909091011e-05,33.50903122582126,0.015302944,1.0695444,-1.969090909091011e-05,-0.029483373235903,5.9,4.6,1.3000000000000007,10.003684598378777,10.041699999999885,-0.00014440000000015552,4.798232044198895,0.9998649892421482
b3c16,-4.693171608768039,4.8,80.0,1.0621419,-1.9707692307686825e-05,34.92599678817264,0.0153101305,1.0621419,-1.9707692307686825e-05,-0.013448464397123328,4.8,4.8,0.0,10.000000000000002,11.040202500000305,0.00039109999999986655,4.799999999999999,1.0003682182201832
b3c17,-4.4384069624234925,5.3,54.0,1.0678582,-1.6177966101694393e-05,35.06603347786677,0.015411648,1.0678582,-1.6177966101694393e-05,-0.01787524498362536,5.3,4.0,1.2999999999999998,10.013207547169811,10.042461666666107,-0.001285900000000062,4.7936687394007915,0.998795813901134
b3c18,-4.252389396827527,5.6,19.0,1.0689354,-3.528260869565065e-05,35.27764184543713,0.0150105635,1.0689354,-3.528260869565065e-05,-0.02345561046472877,5.6,4.6,1.0,9.992236024844724,10.0431541666665,-0.001733900000000066,4.803729603729602,0.9983779188152997
b3c19,-4.170210626722718,5.6,36.0,1.0731335,-3.592272727272825e-05,35.08854638439742,0.0154595285,1.0731335,-3.592272727272825e-05,-0.02529185339013118,5.6,4.3,1.2999999999999998,9.996677740863788,10.043325000000065,-0.0021755999999999442,4.8015952143569285,0.9979726660289704
b3c20,-4.064657274014395,5.0,67.0,1.066355,-1.6677083333332954e-05,33.084029941535974,0.0152532975,1.066355,-1.6677083333332954e-05,-0.028070810594367335,5.0,4.0,1.0,9.99,10.043153333333612,0.000211200000000078,4.804804804804805,1.000198057870034
b3c21,-3.702416742525178,5.9,31.0,1.0681052,-0.00016636111111111173,34.914282007499835,0.0141084735,1.0681052,-0.00016636111111111173,-0.04327612413021109,3.7,5.9,-2.2,10.010077874484654,10.075920000000043,-0.013820299999999897,4.795167490389896,0.9870609187184933
b3c22,-4.044987552158808,5.9,60.0,1.0575157,-2.4728125000001572e-05,34.59598179640749,0.0156784365,1.0575157,-2.4728125000001572e-05,-0.028400457021218406,5.9,3.1,2.8000000000000003,9.972662657189721,10.042943333333337,-0.00043440000000005696,4.813157894736842,0.9995892259566453
b3c24,-4.153584499629556,5.0,67.0,1.0480354,-1.3538461538509239e-06,34.66946895656983,0.015545017500000001,1.0480354,-1.3538461538509239e-06,-0.02477237822779388,5.0,4.0,1.0,9.99,10.041895833333061,0.0021263999999998617,4.804804804804805,1.0020289390988129
b3c25,-4.144895837621439,5.3,54.0,1.0625266,-5.333333333338667e-06,35.558198989857914,0.0156353945,1.0625266,-5.333333333338667e-06,-0.026573729661260703,5.3,4.0,1.2999999999999998,10.013207547169811,10.042399166666776,0.001941100000000029,4.7936687394007915,1.0018268719107832
b3c26,-4.217910029558843,5.6,19.0,1.0730283,-1.09600000000043e-05,35.72673246745747,0.0155889915,1.0730283,-1.09600000000043e-05,-0.024177966476157442,5.6,4.6,1.0,9.992236024844724,10.042265000000285,0.0014239999999998698,4.803729603729602,1.0013270852222629
b3c27,-4.128476203362224,5.6,36.0,1.0620921,-1.584142857142812e-05,35.29448813853253,0.0149127815,1.0620921,-1.584142857142812e-05,-0.02659727238793852,5.6,4.3,1.2999999999999998,9.996677740863788,10.044974166666604,0.0006777999999998396,4.8015952143569285,1.0006381744106747
b3c28,-3.449824526532778,5.9,31.0,1.0525209,-0.00020480999999999971,35.6992173784121,0.013436327500000001,1.0525209,-0.00020480999999999971,-0.057820577569168696,3.7,5.9,-2.2,10.010077874484654,10.083590000000306,-0.017997800000000064,4.795167490389896,0.9829002920512077
b3c29,-4.061928230791478,5.9,15.0,1.0678768,-1.0939999999992623e-05,31.24693296067698,0.014814431999999999,1.0678768,-1.0939999999992623e-05,-0.02891624107141455,5.9,4.6,1.3000000000000007,10.003684598378777,10.041552500000154,0.001778999999999975,4.798232044198895,1.0016659225109112
b3c30,-4.09863941238913,5.3,54.0,1.0701834,-1.3896226415092789e-05,32.21829755789334,0.015567461,1.0701834,-1.3896226415092789e-05,-0.026731388080144414,5.3,4.0,1.2999999999999998,10.013207547169811,10.043574999999691,0.0008461000000001828,4.7936687394007915,1.0007906121511512
b3c31,-3.8378317623733897,5.9,60.0,1.06952,-2.0982089552237337e-05,33.99081554533566,0.015867047000000002,1.06952,-2.0982089552237337e-05,-0.03561623756192411,5.9,3.1,2.8000000000000003,9.972662657189721,10.045919166666863,0.0002948999999998758,4.813157894736842,1.0002757311691224
b3c33,-4.394394826624262,5.0,67.0,1.0613223,-2.1219999999999573e-05,33.07984337387285,0.015337191,1.0613223,-2.1219999999999573e-05,-0.019880909187671048,5.0,4.0,1.0,9.99,10.043314999999954,-0.0003170999999999591,4.804804804804805,0.9997012217683545
b3c34,-4.30402159889006,5.3,54.0,1.0625553,-2.9864179104478855e-05,35.77245470179891,0.015295752499999999,1.0625553,-2.9864179104478855e-05,-0.021497817518227658,5.3,4.0,1.2999999999999998,10.013207547169811,10.043918333333325,-0.0009156000000001274,4.7936687394007915,0.9991383036722887
b3c35,-4.2333050912789805,5.6,19.0,1.0643303,-2.6574999999995354e-05,35.534905521435405,0.015368297999999999,1.0643303,-2.6574999999995354e-05,-0.023020082130014385,5.6,4.6,1.0,9.992236024844724,10.043604166666531,-0.0010729999999998796,4.803729603729602,0.9989918543143985
b3c36,-4.251800945605726,5.6,36.0,1.0586547,-3.2855555555568986e-05,35.861563839282965,0.0151325265,1.0586547,-3.2855555555568986e-05,-0.022979282128555156,5.6,4.3,1.2999999999999998,9.996677740863788,10.043481666666413,-0.0007958999999999605,4.8015952143569285,0.9992481967916451
b3c37,-5.112171788386685,4.8,80.0,1.0479383,-1.943333333332594e-05,35.08482783186969,0.014755487500000001,1.0479383,-1.943333333332594e-05,-0.0082712877044685,4.8,4.8,0.0,10.000000000000002,11.038369999999972,0.0004577999999999527,4.799999999999999,1.0004368577806537
b3c38,-4.340509808056121,5.0,67.0,1.0712974,-1.5421311475411927e-05,34.744578288843854,0.0158336295,1.0712974,-1.5421311475411927e-05,-0.020146978074311872,5.0,4.0,1.0,9.99,10.04354666666671,-0.00015989999999987958,4.804804804804805,0.9998507417268072
b3c39,-4.453295820909245,5.3,54.0,1.0485611,-2.153518518518457e-05,33.86529707898387,0.0155562775,1.0485611,-2.153518518518457e-05,-0.017451019260986023,5.3,4.0,1.2999999999999998,10.013207547169811,10.04355333333345,0.001147500000000079,4.7936687394007915,1.0010943568286101
b3c40,-4.293409277720822,5.6,19.0,1.0608622,-2.211250000000442e-05,34.02976855946258,0.015394052,1.0608622,-2.211250000000442e-05,-0.022053427769731404,5.6,4.6,1.0,9.992236024844724,10.043501666666513,0.0010859999999999204,4.803729603729602,1.0010236956317229
b3c41,-4.217938700806827,5.6,36.0,1.0520619,-2.389285714285031e-06,33.6221072194256,0.018312705,1.0520619,-2.389285714285031e-06,-0.02419295879610628,5.6,4.3,1.2999999999999998,9.996677740863788,10.043069999999958,0.0020994000000000845,4.8015952143569285,1.0019955099600129
b3c42,-4.345721645685535,4.8,80.0,1.0681379,-7.435999999998444e-06,32.861378139647215,0.0162037925,1.0681379,-7.435999999998444e-06,-0.005599976748413393,4.8,4.8,0.0,10.000000000000002,11.038323333333391,0.0009897000000000933,4.799999999999999,1.000926565755227
b3c43,-4.316286420000176,5.0,67.0,1.0713063,-3.86727272727392e-06,33.69370485587565,0.015874365,1.0713063,-3.86727272727392e-06,-0.01296618444297093,5.0,4.0,1.0,9.99,10.043629166666264,0.0011630999999998615,4.804804804804805,1.0010856838982463
b3c44,-4.1297702119606905,5.3,54.0,1.0708879,-8.776190476186432e-06,33.33036584864582,0.0155707405,1.0708879,-8.776190476186432e-06,-0.025974953730490746,5.3,4.0,1.2999999999999998,10.013207547169811,10.043418333333102,0.0020199999999999108,4.7936687394007915,1.0018862852031476
b3c45,-4.519231830835783,4.8,80.0,1.0704218,-8.20714285714492e-06,32.70932442130572,0.0156192525,1.0704218,-8.20714285714492e-06,-0.01647346191516119,4.8,4.8,0.0,10.000000000000002,11.037995833333238,0.0006124999999999048,4.799999999999999,1.0005722043403824
