batch,feature,n,spearman,pearson,pearson_log_target
All,log10_dq_var,129,-0.8920744865772992,-0.8504640110698037,-0.886160365255907
All,peak_c_rate,129,-0.23349649355145863,-0.2595436861893797,-0.1999567682773394
All,switch_soc,129,0.16046877826173975,0.2215842433143893,0.17517488822440452
All,qd_initial_median,129,-0.5233399300408734,-0.5185458133757441,-0.564146766790371
All,qd_slope_10_100,129,-0.19593242322806986,-0.13582168171005843,-0.18230194542837497
All,tavg_median_100,129,0.1728664229359272,0.22309388891687232,0.2324016442885076
All,ir_median_100,123,-0.3449691329880265,-0.31596442310921746,-0.3296673114303132
All,qd_initial_median_clean,129,-0.5233399300408734,-0.5185458133757441,-0.564146766790371
All,qd_slope_10_100_clean,129,-0.19374378068944315,-0.13519948949632724,-0.18157136428313392
All,dq_min,129,0.8836357741582518,0.8273946329146645,0.8881522039889251
All,c_rate_1,129,-0.02745209236655038,-0.0782517723491619,-0.002109346424015683
All,c_rate_2,129,-0.1458114796287822,-0.12481384857087104,-0.2094168167822933
All,c_rate_gap,129,0.06110721502210385,0.013982704088471442,0.10486029204129796
All,t80_min,129,0.14563421578976693,0.22651429651252927,0.27179209665897497
All,chargetime_median_100,129,-0.027398562150216004,0.3153727589965877,0.32208535056891
All,qd_change,129,-0.11650119076299253,-0.035521249714346094,-0.05287852987713548
All,effective_c_rate_80,129,-0.14563421578976693,-0.22334620254395562,-0.27166674026739895
All,qd_ratio,129,-0.11629434587428451,-0.032257973336237596,-0.049352366505492566
1,log10_dq_var,46,-0.8711607269559923,-0.8860962083490501,-0.8684755372496207
1,peak_c_rate,46,-0.48271400298540956,-0.5797191371008248,-0.5521746573411082
1,switch_soc,46,0.18515925395200944,0.23455103060246418,0.18319787661886613
1,qd_initial_median,46,0.07512026657928485,0.07980900601030116,0.09177103721589645
1,qd_slope_10_100,46,0.5862217847587049,0.5098967234612573,0.5624763685918107
1,tavg_median_100,46,-0.3664117436350833,-0.48311583169080385,-0.4400093706651528
1,ir_median_100,46,0.2121006541594094,0.1081907136463576,0.13316452564574574
1,qd_initial_median_clean,46,0.07512026657928485,0.07980900601030116,0.09177103721589645
1,qd_slope_10_100_clean,46,0.5862217847587049,0.5106227861148048,0.5631183439436706
1,dq_min,46,0.852596523146169,0.8823046921769839,0.8959109754460128
1,c_rate_1,46,-0.48271400298540956,-0.5797191371008248,-0.5521746573411082
1,c_rate_2,46,0.04741433338534666,-0.09588674869190954,-0.16188983916853655
1,c_rate_gap,46,-0.42762140767959944,-0.4423506924703265,-0.39290512170797126
1,t80_min,46,0.6344798048406834,0.7475140866060228,0.7332823628849051
1,chargetime_median_100,46,0.6405575440824733,0.7439641856619083,0.7307891529258086
1,qd_change,46,0.5775255962630734,0.5555459091753502,0.5996012302592835
1,effective_c_rate_80,46,-0.6344798048406834,-0.7373768815234792,-0.7335195593023537
1,qd_ratio,46,0.5776489464545009,0.5539027972360179,0.5979963958539608
2,log10_dq_var,39,-0.7089786451951733,-0.9018902172101931,-0.9184146636886267
2,peak_c_rate,39,-0.35908307144841967,-0.16109258689961564,-0.2044366662686804
2,switch_soc,39,0.28781347990487877,0.1161198784598481,0.16358124073963745
2,qd_initial_median,39,0.11650976879206805,-0.2599237694292658,-0.19907624447869865
2,qd_slope_10_100,39,-0.22046765979941285,-0.3382622141606485,-0.3214389143267172
2,tavg_median_100,39,0.1682356522436291,0.4116766824075755,0.3800940434326687
2,ir_median_100,33,-0.20021726484209837,-0.6142953112818267,-0.601186944355886
2,qd_initial_median_clean,39,0.11650976879206805,-0.2599237694292658,-0.19907624447869865
2,qd_slope_10_100_clean,39,-0.22046765979941285,-0.33643869017413264,-0.3196259143875925
2,dq_min,39,0.656645412818545,0.818411223751172,0.8390655408698035
2,c_rate_1,39,0.05509278655119761,0.19074658847387702,0.19625300846923627
2,c_rate_2,39,-0.11884016238051073,-0.11630518850837056,-0.10993948957156743
2,c_rate_gap,39,0.19269739054302376,0.16303439298876662,0.16229199254838775
2,t80_min,39,-0.32079048769847657,-0.3336573470797477,-0.34967442137280924
2,chargetime_median_100,39,-0.8109120397856273,-0.919236132147477,-0.9357518980773704
2,qd_change,39,-0.20872558058144597,-0.29249209104040474,-0.2649836506166241
2,effective_c_rate_80,39,0.32079048769847657,0.33363862871763433,0.34960478559467917
2,qd_ratio,39,-0.20872558058144597,-0.2943707914225104,-0.2668215959173563
3,log10_dq_var,44,-0.7972372984772357,-0.7006273967366436,-0.7607753788023084
3,peak_c_rate,44,-0.6070241729582949,-0.6571319945941889,-0.6602640118022999
3,switch_soc,44,0.44332485175807257,0.5413599075607183,0.520220635837264
3,qd_initial_median,44,0.13587990730764768,0.15111376308148533,0.16837075364422674
3,qd_slope_10_100,44,0.13158080235652395,0.35473731160654276,0.4493599458409773
3,tavg_median_100,44,0.02501938127293305,-0.025532032583484732,-0.018899345067047525
3,ir_median_100,44,0.17083656395940763,0.19353888686919313,0.23223102802335008
3,qd_initial_median_clean,44,0.13587990730764768,0.15111376308148533,0.16837075364422674
3,qd_slope_10_100_clean,44,0.13158080235652395,0.35473731160654276,0.4493599458409773
3,dq_min,44,0.7760236822430022,0.6920058293836148,0.7689841481846502
3,c_rate_1,44,-0.22887519748075072,-0.08289859421256333,0.017500652436867964
3,c_rate_2,44,0.015736317835818345,-0.042746376392716987,-0.1254533394286428
3,c_rate_gap,44,-0.14345989366109765,-0.020185629853804576,0.08016695605632902
3,t80_min,44,0.13205193371079488,0.017852650017748044,0.01718256991644727
3,chargetime_median_100,44,0.2648530558413589,0.6383957339709593,0.5957349372720219
3,qd_change,44,-0.025935583967434825,0.31102143219820955,0.40567548196565845
3,effective_c_rate_80,44,-0.13205193371079488,-0.018138894979170515,-0.01746048244503785
3,qd_ratio,44,-0.024807949881894182,0.31141829716320624,0.4064250364408373
