cell_id,batch,knee_cycle,knee_life_ratio,fit_gain
b1c0,1,,,0.16981988940956738
b1c1,1,404.63050847457635,0.3431980563821682,0.8653056832617891
b1c2,1,431.80338983050854,0.3668677908500497,0.8369054423962908
b1c3,1,957.5983050847458,0.781075289628667,0.9278857750392464
b1c4,1,885.769491525424,0.72189852610059,0.8221569855571388
b1c5,1,876.9525423728813,0.8165293690622731,0.9428049495338985
b1c6,1,511.61864406779665,0.8044318302952778,0.95828360635143
b1c7,1,638.2898305084747,0.7336664718488215,0.9615141352130279
b1c8,1,676.0745762711864,0.7691405873392336,0.9520431892813201
b1c9,1,785.7966101694915,0.7455375808059691,0.9566134671299635
b1c10,1,686.1372881355933,0.7573259250944738,0.9285556418002199
b1c11,1,587.4237288135594,0.7454615847887809,0.9711500027781246
b1c12,1,683.106779661017,0.7573245894246308,0.9553854797138002
b1c13,1,711.1389830508474,0.792797082553899,0.9418134444738386
b1c14,1,656.0338983050849,0.7454930662557783,0.9784162178881675
b1c15,1,552.9559322033898,0.7690624926333656,0.9737299329270204
b1c16,1,673.1847457627118,0.7809567816272759,0.9727239929575233
b1c17,1,649.0135593220339,0.7573087039930384,0.9707456647869013
b1c18,1,564.0610169491526,0.8162966960190342,0.9762779287214522
b1c19,1,578.1101694915254,0.7336423470704637,0.9785257279894884
b1c20,1,410.6,0.7689138576779027,0.8979699890366297
b1c21,1,443.03050847457627,0.7925411600618538,0.9279340394192852
b1c22,1,664.2372881355932,0.7454963952139093,0.9210385972749761
b1c23,1,767.9610169491525,0.7573580048808211,0.9595428988238399
b1c24,1,758.2033898305085,0.7455293901971568,0.9652666985694298
b1c25,1,606.3542372881356,0.7100166712975826,0.976633045175934
b1c26,1,648.5762711864407,0.7454899668809664,0.9664056965523841
b1c27,1,637.6491525423728,0.757303031523008,0.9654092985397578
b1c28,1,630.9508474576272,0.7336637761135201,0.9792075072457543
b1c29,1,672.7830508474576,0.7336783542502264,0.9735517146041763
b1c30,1,553.6372881355932,0.7808706461714995,0.9750179786806397
b1c31,1,673.7661016949153,0.7691393854964786,0.9762684779624974
b1c32,1,544.9152542372881,0.7454381042917758,0.9745966570614043
b1c33,1,555.3593220338983,0.7336318653023755,0.9677374703077305
b1c34,1,579.422033898305,0.7808922289734569,0.968078276773047
b1c35,1,524.0338983050847,0.7454251753984135,0.970331323087529
b1c36,1,524.779661016949,0.7454256548536208,0.9762019624773873
b1c37,1,483.01694915254234,0.7453965264699728,0.9746617791912503
b1c38,1,474.4677966101695,0.7689915666291239,0.9714628928780991
b1c39,1,465.86440677966107,0.7453830508474577,0.9755760231135879
b1c40,1,685.893220338983,0.7100343895848685,0.9542323155666605
b1c41,1,795.9932203389831,0.7573674789143512,0.9688882069566108
b1c42,1,490.1152542372882,0.6981698778308949,0.9796587258755594
b1c43,1,485.25423728813564,0.7453982139602698,0.9822693375039484
b1c44,1,430.0610169491526,0.6981510015408321,0.9770218881508709
b1c45,1,425.2610169491525,0.7099516142723749,0.9765995832615216
b2c0,2,376.02542372881356,0.7883132572931102,0.9433453563004324
b2c1,2,376.75593220338976,0.7673236908419343,0.9049995630049092
b2c2,2,353.62711864406776,0.8340262232171409,0.9020396587719832
b2c3,2,391.935593220339,0.7854420705818417,0.924320135731452
b2c4,2,340.7949152542373,0.7675561154374714,0.9121913437060452
b2c5,2,295.2440677966102,0.7097213168187745,0.9097242428460721
b2c6,2,285.90847457627115,0.7275024798378401,0.9240391450380316
b2c7,2,620.4406779661017,0.7985079510503239,0.9288075744960773
b2c8,2,717.7152542372881,0.7939328033598321,0.9700305148189843
b2c9,2,640.1491525423728,0.8092909640232273,0.9424677969417562
b2c10,2,362.7220338983051,0.737239906297368,0.9493406821111904
b2c11,2,349.271186440678,0.7778868294892606,0.9586752622329487
b2c12,2,332.8915254237288,0.7143594966174438,0.9294179553848099
b2c13,2,349.0203389830508,0.7587398673544583,0.94962060985797
b2c14,2,333.13559322033893,0.782008434789528,0.9605388749992435
b2c15,2,299.2,0.7555555555555555,0.9130771993704954
b2c16,2,360.57288135593217,0.7639255960930766,0.9264699033124383
b2c17,2,345.264406779661,0.7330454496383461,0.9054620138458087
b2c18,2,365.11186440677966,0.8131667358725605,0.9278535176936952
b2c19,2,306.7627118644068,0.7825579384296092,0.943407387270634
b2c20,2,395.58474576271186,0.8089667602509445,0.9604858369861247
b2c21,2,307.86440677966107,0.7545696244599536,0.9466407440456717
b2c24,2,393.635593220339,0.7658280023742003,0.9469615157250976
b2c25,2,399.49152542372883,0.8103276377763262,0.9592593303529284
b2c26,2,349.60169491525426,0.7768926553672317,0.9301048764777796
b2c27,2,373.7525423728814,0.7885074733605093,0.9595184654951169
b2c28,2,329.52542372881356,0.7540627545281775,0.927614295299635
b2c29,2,350.7627118644068,0.7760236988150593,0.9565070155917573
b2c30,2,330.3423728813559,0.8018018759256211,0.9275684413490184
b2c31,2,332.864406779661,0.7832103688933201,0.9121260737828327
b2c32,2,641.9864406779661,0.7935555508998345,0.9196484107508242
b2c33,2,915.9254237288137,0.8034433541480822,0.9807388911829911
b2c34,2,963.6338983050848,0.8125075027867494,0.9807884582692659
b2c41,2,334.57966101694916,0.7569675588618759,0.9349793361245404
b2c42,2,347.3593220338983,0.7328255739111779,0.9566640425793294
b2c43,2,829.2372881355932,0.8058671410452801,0.9536921217942055
b2c44,2,703.8389830508474,0.8369072331163465,0.9705069030566579
b2c45,2,766.1525423728814,0.7684579161212451,0.9450021325173342
b2c46,2,396.4813559322034,0.7882333119924522,0.9352035081514443
b3c0,3,835.6152542372881,0.828161798054795,0.9526856108812357
b3c1,3,867.7830508474576,0.816352822998549,0.974801334917555
b3c2,3,989.4152542372882,0.7809118028707879,0.9856572120712433
b3c3,3,910.264406779661,0.8163806338831041,0.9695709895972369
b3c4,3,818.2983050847457,0.7808189934014749,0.9617091891310527
b3c5,3,675.8,0.816183574879227,0.9334665403779299
b3c6,3,465.3728813559322,0.697710466800498,0.9654432859159569
b3c7,3,1412.2474576271186,0.7691979616705439,0.96777162986934
b3c8,3,685.6,0.8280193236714977,0.9476851775325423
b3c9,3,848.1762711864407,0.8163390483026378,0.9512220175755933
b3c10,3,867.271186440678,0.8045187258262319,0.9740331214428654
b3c11,3,637.8050847457628,0.7806671783913866,0.9418148010104289
b3c12,3,749.728813559322,0.8044300574670837,0.9455309296841672
b3c13,3,627.3661016949152,0.7688310069790627,0.9387734067269882
b3c14,3,669.8406779661017,0.7807000908695824,0.9384025742244062
b3c15,3,673.535593220339,0.7688762479684236,0.9350911210939289
b3c16,3,1298.7084745762713,0.7928623165911303,0.9834035475298135
b3c17,3,1026.920338983051,0.7809280144357802,0.9850396564814725
b3c18,3,908.4440677966104,0.7927086106427665,0.9796307610982558
b3c19,3,901.9033898305084,0.78086873578399,0.9858900291480531
b3c20,3,673.1677966101695,0.8280046698772072,0.9560371146053711
b3c21,3,593.5084745762712,0.7687933608500922,0.9338769955325344
b3c22,3,865.406779661017,0.8636794208193783,0.9438818501414746
b3c24,3,683.113559322034,0.8280164355418594,0.9315501715899319
b3c25,3,819.0389830508475,0.8281486178471663,0.9626025390166291
b3c26,3,790.4983050847458,0.7689672228450835,0.9702522371760844
b3c27,3,673.6508474576272,0.792530408773679,0.9546956496169382
b3c28,3,377.3864406779661,0.6975719790720261,0.9484705985910904
b3c29,3,669.8406779661017,0.7807000908695824,0.9432187937958197
b3c30,3,763.2135593220339,0.816271186440678,0.9481153243073969
b3c31,3,596.5559322033898,0.8160819865983445,0.9531526637531427
b3c33,3,1093.9593220338982,0.8519932414594222,0.9755728058431345
b3c34,3,917.9627118644069,0.7927139135271216,0.9877179032036146
b3c35,3,853.4593220338983,0.78084109975654,0.9692413694705643
b3c36,3,797.1186440677966,0.8636171658372661,0.9317021912420642
b3c37,3,1167.8610169491526,0.8401877819778076,0.9373699209808993
b3c38,3,1534.2949152542374,0.7929172688652389,0.9716515424379115
b3c39,3,998.5254237288136,0.86377631810451,0.9537704101738704
b3c40,3,621.3966101694915,0.7806490077506175,0.9456011802181816
b3c41,3,604.2813559322033,0.7688057963514037,0.9525502139073118
b3c42,3,1301.8813559322034,0.7928631887528644,0.95111535474412
b3c43,3,866.2813559322035,0.8281848527076515,0.9656759473933442
b3c44,3,789.55593220339,0.8399531193653085,0.9374916417382149
b3c45,3,1428.0033898305085,0.7928947195061125,0.9663268531561857
