batch,policy,count,mean,median,min,max
1,3.6C(80%)-3.6C,3,1182.0,1179.0,1177.0,1190.0
1,4.4C(80%)-4.4C,1,1074.0,1074.0,1074.0,1074.0
1,4.8C(80%)-4.8C,2,753.0,753.0,636.0,870.0
1,4C(80%)-4C,2,1226.5,1226.5,1226.0,1227.0
1,5.4C(40%)-3.6C,2,966.5,966.5,879.0,1054.0
1,5.4C(50%)-3.6C,2,899.5,899.5,897.0,902.0
1,5.4C(50%)-3C,2,847.0,847.0,788.0,906.0
1,5.4C(60%)-3.6C,2,859.5,859.5,857.0,862.0
1,5.4C(60%)-3C,2,799.5,799.5,719.0,880.0
1,5.4C(70%)-3C,2,739.5,739.5,691.0,788.0
1,5.4C(80%)-5.4C,2,546.5,546.5,534.0,559.0
1,6C(30%)-3.6C,2,952.5,952.5,891.0,1014.0
1,6C(40%)-3.6C,2,856.0,856.0,842.0,870.0
1,6C(40%)-3C,2,935.5,935.5,854.0,1017.0
1,6C(50%)-3.6C,2,792.5,792.5,709.0,876.0
1,6C(50%)-3C,2,888.5,888.5,860.0,917.0
1,6C(60%)-3C,2,744.0,744.0,731.0,757.0
1,7C(30%)-3.6C,2,722.5,722.5,703.0,742.0
1,7C(40%)-3.6C,2,621.0,621.0,617.0,625.0
1,7C(40%)-3C,2,676.0,676.0,648.0,704.0
1,8C(15%)-3.6C,2,1008.5,1008.5,966.0,1051.0
1,8C(25%)-3.6C,2,676.5,676.5,651.0,702.0
1,8C(35%)-3.6C,2,607.5,607.5,599.0,616.0
2,3.6C(30%)-6C,2,421.0,421.0,416.0,426.0
2,3.6C(9%)-5C,2,394.5,394.5,393.0,396.0
2,4.65C(44%)-5C,2,482.5,482.5,466.0,499.0
2,4.65C(69%)-6C,2,452.0,452.0,444.0,460.0
2,4.8C(80%)-4.8C,5,483.6,492.0,437.0,514.0
2,4.8C(80%)-4.8C-newstructure,3,871.6666666666666,809.0,777.0,1029.0
2,5.2C(50%)-4.25C,5,454.0,449.0,424.0,474.0
2,5.2C(58%)-4C,4,477.75,483.0,452.0,493.0
2,5.2C(58%)-4C-newstructure,3,961.6666666666666,904.0,841.0,1140.0
2,5.6C(26%)-4.5C,6,448.5,446.0,412.0,491.0
2,5.6C(26%)-4.5C-newstructure,3,991.3333333333334,997.0,791.0,1186.0
2,6C(60%)-3C,2,400.0,400.0,392.0,408.0
3,3.7C(31%)-5.9C-newstructure,3,660.0,667.0,541.0,772.0
3,4.8C(80%)-4.8C-newstructure,6,1564.1666666666667,1640.0,1078.0,1836.0
3,5.3C(54%)-4C-newstructure,8,1074.375,1051.0,935.0,1315.0
3,5.6C(19%)-4.6C-newstructure,8,1001.375,1038.0,796.0,1267.0
3,5.6C(36%)-4.3C-newstructure,8,930.875,890.5,786.0,1155.0
3,5.9C(15%)-4.6C-newstructure,2,867.0,867.0,858.0,876.0
3,5.9C(60%)-3.1C-newstructure,2,866.5,866.5,731.0,1002.0
3,5C(67%)-4C-newstructure,7,1105.7142857142858,1009.0,813.0,1935.0
