candidate_id,feature_set,features,feature_count,model,target,params,cv_mape_mean,cv_mape_std,cv_mae_mean,cv_oof_mape,cell_cv_mape_mean,cell_cv_mape_std,previous_set,previous_cv_mape,improvement_pp
M1_raw_Linear,M1,['log10_dq_var'],1,Linear,raw,{},9.288456797618744,1.7626784400385882,82.8347238828058,9.308379934557673,9.300705308958777,1.4610022520576382,,,
M1_raw_Ridge,M1,['log10_dq_var'],1,Ridge,raw,"{""alpha"": 0.01}",9.28918954970702,1.7592733439089219,82.83539191035909,9.309097277305462,9.302739497157436,1.4622714130838086,,,
M1_raw_ElasticNet,M1,['log10_dq_var'],1,ElasticNet,raw,"{""alpha"": 0.0001, ""l1_ratio"": 0.8}",9.288500107516366,1.7624758053475642,82.83476172197481,9.308422324467875,9.300825088408441,1.46107808120825,,,
M1_raw_RandomForest,M1,['log10_dq_var'],1,RandomForest,raw,"{""max_depth"": 3, ""max_features"": 0.7, ""min_samples_leaf"": 3, ""n_estimators"": 100}",8.255521237353697,3.512075120729846,69.05803201272933,8.340331735949498,8.74989291593299,3.493163793542207,,,
M1_raw_XGBoost,M1,['log10_dq_var'],1,XGBoost,raw,"{""learning_rate"": 0.03, ""max_depth"": 2, ""min_child_weight"": 5, ""n_estimators"": 120, ""reg_lambda"": 10.0}",10.4809133508946,4.492165379703995,86.11287471226282,10.440889830619543,11.378397525644974,6.31201202363862,,,
M1_raw_LightGBM,M1,['log10_dq_var'],1,LightGBM,raw,"{""learning_rate"": 0.03, ""max_depth"": 2, ""min_child_samples"": 5, ""n_estimators"": 120, ""num_leaves"": 3, ""reg_lambda"": 10.0}",11.064607347491663,3.8532234021153497,90.66425069630608,11.060274957393833,10.619031188959795,3.5122205480671695,,,
M1_log10_Linear,M1,['log10_dq_var'],1,Linear,log10,{},10.955819238863565,4.212349982407056,100.84174651724848,10.913475716992261,10.382005399717613,2.429409414534894,,,
M1_log10_Ridge,M1,['log10_dq_var'],1,Ridge,log10,"{""alpha"": 0.01}",10.956130333715704,4.20782589441438,100.8345895775104,10.913797645085904,10.383275767123575,2.4279858335054514,,,
M1_log10_ElasticNet,M1,['log10_dq_var'],1,ElasticNet,log10,"{""alpha"": 0.0001, ""l1_ratio"": 0.2}",10.955988520070479,4.207887531556468,100.83349330056596,10.91365661322579,10.383195674133042,2.4281253079276937,,,
M1_log10_RandomForest,M1,['log10_dq_var'],1,RandomForest,log10,"{""max_depth"": 2, ""max_features"": 0.7, ""min_samples_leaf"": 3, ""n_estimators"": 100}",8.100103701305375,3.214722250998648,68.116803233129,8.171985352154724,8.483359358654269,3.20236195312436,,,
M1_log10_XGBoost,M1,['log10_dq_var'],1,XGBoost,log10,"{""learning_rate"": 0.03, ""max_depth"": 2, ""min_child_weight"": 5, ""n_estimators"": 120, ""reg_lambda"": 10.0}",10.370335206200027,4.5507996424603165,86.24906790597097,10.329076755751538,11.203895962715567,5.797699843756052,,,
M1_log10_LightGBM,M1,['log10_dq_var'],1,LightGBM,log10,"{""learning_rate"": 0.03, ""max_depth"": 2, ""min_child_samples"": 5, ""n_estimators"": 120, ""num_leaves"": 3, ""reg_lambda"": 10.0}",11.030310745444845,3.7541017959390586,91.83710092795698,11.023214719688088,10.536101920305992,3.152925247194611,,,
M2_raw_Linear,M2,"['log10_dq_var', 'peak_c_rate', 'switch_soc']",3,Linear,raw,{},9.703776031992215,2.0434016503271253,85.26686105178075,9.682486094557783,8.459745899150256,0.9126933935887117,M1,9.288456797618744,-0.4153192343734702
M2_raw_Ridge,M2,"['log10_dq_var', 'peak_c_rate', 'switch_soc']",3,Ridge,raw,"{""alpha"": 1.0}",9.295684396974305,1.3477479263925194,82.1392175587893,9.2890213163829,8.543853792777497,0.9359275504828498,M1,9.28918954970702,-0.006494847267285664
M2_raw_ElasticNet,M2,"['log10_dq_var', 'peak_c_rate', 'switch_soc']",3,ElasticNet,raw,"{""alpha"": 1.0, ""l1_ratio"": 0.8}",9.285143669536376,0.9852488638385215,80.1786176072446,9.27537935566268,9.477884098725264,2.1847094388012964,M1,9.288500107516366,0.00335643797999019
M2_raw_RandomForest,M2,"['log10_dq_var', 'peak_c_rate', 'switch_soc']",3,RandomForest,raw,"{""max_depth"": 3, ""max_features"": 1.0, ""min_samples_leaf"": 3, ""n_estimators"": 100}",8.702690213839599,4.114266418351983,72.1609795529867,8.7755619045959,8.784707625279463,3.4539530752679872,M1,8.255521237353697,-0.4471689764859015
M2_raw_XGBoost,M2,"['log10_dq_var', 'peak_c_rate', 'switch_soc']",3,XGBoost,raw,"{""learning_rate"": 0.03, ""max_depth"": 2, ""min_child_weight"": 5, ""n_estimators"": 120, ""reg_lambda"": 10.0}",10.727103402801193,5.0698643245989485,87.27004263741631,10.675181055883517,11.450518804619232,6.466549981187927,M1,10.4809133508946,-0.24619005190659315
M2_raw_LightGBM,M2,"['log10_dq_var', 'peak_c_rate', 'switch_soc']",3,LightGBM,raw,"{""learning_rate"": 0.03, ""max_depth"": 2, ""min_child_samples"": 5, ""n_estimators"": 120, ""num_leaves"": 3, ""reg_lambda"": 10.0}",11.083806485026804,4.03759136078928,90.22250519437064,11.07824862241975,10.595878620920958,3.56939166765987,M1,11.064607347491663,-0.01919913753514102
M2_log10_Linear,M2,"['log10_dq_var', 'peak_c_rate', 'switch_soc']",3,Linear,log10,{},10.003762254263266,3.044307872760344,92.34646441823692,9.949906838757222,8.924168488118166,1.9720740692956165,M1,10.955819238863565,0.9520569846002989
M2_log10_Ridge,M2,"['log10_dq_var', 'peak_c_rate', 'switch_soc']",3,Ridge,log10,"{""alpha"": 1.0}",9.893580589080553,2.954069601316928,90.93367379314927,9.857743888442453,9.223647254304726,1.7330671159573743,M1,10.956130333715704,1.0625497446351506
M2_log10_ElasticNet,M2,"['log10_dq_var', 'peak_c_rate', 'switch_soc']",3,ElasticNet,log10,"{""alpha"": 0.0001, ""l1_ratio"": 0.2}",10.004982388713014,3.0444456290138215,92.35719847601149,9.951505508443462,8.931703898351351,1.9630837772247922,M1,10.955988520070479,0.9510061313574649
M2_log10_RandomForest,M2,"['log10_dq_var', 'peak_c_rate', 'switch_soc']",3,RandomForest,log10,"{""max_depth"": 2, ""max_features"": 1.0, ""min_samples_leaf"": 3, ""n_estimators"": 100}",8.328432832346959,3.6689889186807862,69.67130523752702,8.393169798790364,8.491816202580965,3.1533450830763887,M1,8.100103701305375,-0.22832913104158337
M2_log10_XGBoost,M2,"['log10_dq_var', 'peak_c_rate', 'switch_soc']",3,XGBoost,log10,"{""learning_rate"": 0.03, ""max_depth"": 2, ""min_child_weight"": 5, ""n_estimators"": 120, ""reg_lambda"": 10.0}",10.719375611064303,5.198935869752186,88.36395045689173,10.669769481996026,11.207638561729643,5.810064033607199,M1,10.370335206200027,-0.3490404048642759
M2_log10_LightGBM,M2,"['log10_dq_var', 'peak_c_rate', 'switch_soc']",3,LightGBM,log10,"{""learning_rate"": 0.03, ""max_depth"": 2, ""min_child_samples"": 5, ""n_estimators"": 120, ""num_leaves"": 3, ""reg_lambda"": 10.0}",11.03444059265741,3.8467080938844656,91.42450205409035,11.02782949473457,10.61000831137794,3.2459190456962332,M1,11.030310745444845,-0.004129847212563931
M3_raw_Linear,M3,"['log10_dq_var', 'peak_c_rate', 'switch_soc', 'qd_initial_median', 'qd_slope_10_100']",5,Linear,raw,{},8.344340273335012,1.7037350718172548,74.93062782423038,8.291001367017142,8.110652879247713,1.5419309070919895,M2,9.703776031992215,1.3594357586572023
M3_raw_Ridge,M3,"['log10_dq_var', 'peak_c_rate', 'switch_soc', 'qd_initial_median', 'qd_slope_10_100']",5,Ridge,raw,"{""alpha"": 1.0}",8.134262832208663,1.4726044767473419,72.28067191909432,8.09306772736515,8.107190871125404,2.0135168254009486,M2,9.295684396974305,1.161421564765643
M3_raw_ElasticNet,M3,"['log10_dq_var', 'peak_c_rate', 'switch_soc', 'qd_initial_median', 'qd_slope_10_100']",5,ElasticNet,raw,"{""alpha"": 0.01, ""l1_ratio"": 0.2}",8.280442549724556,1.6155294165443679,74.15562105780319,8.230609376045148,8.106319559510947,1.6636943904120673,M2,9.285143669536376,1.0047011198118199
M3_raw_RandomForest,M3,"['log10_dq_var', 'peak_c_rate', 'switch_soc', 'qd_initial_median', 'qd_slope_10_100']",5,RandomForest,raw,"{""max_depth"": 3, ""max_features"": 1.0, ""min_samples_leaf"": 3, ""n_estimators"": 100}",8.921650886943945,3.71324024728655,74.14147038348558,8.973440214195143,9.27881503079029,5.039214948488933,M2,8.702690213839599,-0.21896067310434653
M3_raw_XGBoost,M3,"['log10_dq_var', 'peak_c_rate', 'switch_soc', 'qd_initial_median', 'qd_slope_10_100']",5,XGBoost,raw,"{""learning_rate"": 0.03, ""max_depth"": 1, ""min_child_weight"": 5, ""n_estimators"": 120, ""reg_lambda"": 10.0}",10.846920574168864,4.801847935746022,88.90868072509765,10.799167229833651,11.923717213191688,6.726418403166245,M2,10.727103402801193,-0.11981717136767145
M3_raw_LightGBM,M3,"['log10_dq_var', 'peak_c_rate', 'switch_soc', 'qd_initial_median', 'qd_slope_10_100']",5,LightGBM,raw,"{""learning_rate"": 0.03, ""max_depth"": 2, ""min_child_samples"": 5, ""n_estimators"": 120, ""num_leaves"": 3, ""reg_lambda"": 10.0}",11.275656028959553,4.488690992984093,93.8400414463078,11.254400101188471,10.825253643880764,4.110600684176035,M2,11.083806485026804,-0.191849543932749
M3_log10_Linear,M3,"['log10_dq_var', 'peak_c_rate', 'switch_soc', 'qd_initial_median', 'qd_slope_10_100']",5,Linear,log10,{},8.704307931702182,3.428201673038681,81.32944277187622,8.613880815536305,8.065574833882643,2.032093566888469,M2,10.003762254263266,1.2994543225610844
M3_log10_Ridge,M3,"['log10_dq_var', 'peak_c_rate', 'switch_soc', 'qd_initial_median', 'qd_slope_10_100']",5,Ridge,log10,"{""alpha"": 1.0}",8.475699499466433,2.710406216348696,78.34675546398516,8.40290388243195,8.078724923159005,2.0903798873703248,M2,9.893580589080553,1.41788108961412
M3_log10_ElasticNet,M3,"['log10_dq_var', 'peak_c_rate', 'switch_soc', 'qd_initial_median', 'qd_slope_10_100']",5,ElasticNet,log10,"{""alpha"": 0.0001, ""l1_ratio"": 0.8}",8.678788359980292,3.3885167188220815,81.14517360075756,8.589856276515247,8.073617993788792,2.0157764447846365,M2,10.004982388713014,1.326194028732722
M3_log10_RandomForest,M3,"['log10_dq_var', 'peak_c_rate', 'switch_soc', 'qd_initial_median', 'qd_slope_10_100']",5,RandomForest,log10,"{""max_depth"": 3, ""max_features"": 1.0, ""min_samples_leaf"": 3, ""n_estimators"": 100}",8.533435639400619,3.6839036355966868,71.8164310171934,8.585027517101897,9.199561724846326,4.585471330379635,M2,8.328432832346959,-0.2050028070536598
M3_log10_XGBoost,M3,"['log10_dq_var', 'peak_c_rate', 'switch_soc', 'qd_initial_median', 'qd_slope_10_100']",5,XGBoost,log10,"{""learning_rate"": 0.03, ""max_depth"": 1, ""min_child_weight"": 5, ""n_estimators"": 120, ""reg_lambda"": 10.0}",11.027001190718831,4.7413603719239195,92.08407897949219,10.98373012274335,11.938636335998691,6.2482816800043,M2,10.719375611064303,-0.30762557965452864
M3_log10_LightGBM,M3,"['log10_dq_var', 'peak_c_rate', 'switch_soc', 'qd_initial_median', 'qd_slope_10_100']",5,LightGBM,log10,"{""learning_rate"": 0.03, ""max_depth"": 2, ""min_child_samples"": 5, ""n_estimators"": 120, ""num_leaves"": 3, ""reg_lambda"": 10.0}",11.07809514567094,4.135121942471649,93.37833326063205,11.05729640911508,10.932030707273713,3.826805953473657,M2,11.03444059265741,-0.04365455301353016
M4_raw_Linear,M4,"['log10_dq_var', 'peak_c_rate', 'switch_soc', 'qd_initial_median', 'qd_slope_10_100', 'tavg_median_100', 'ir_median_100']",7,Linear,raw,{},11.271368272465276,5.78159878428629,92.93832486857363,11.11539890214022,10.595828751963953,4.960999156782165,M3,8.344340273335012,-2.9270279991302637
M4_raw_Ridge,M4,"['log10_dq_var', 'peak_c_rate', 'switch_soc', 'qd_initial_median', 'qd_slope_10_100', 'tavg_median_100', 'ir_median_100']",7,Ridge,raw,"{""alpha"": 10.0}",9.610895262845352,1.503068444885829,78.4612961358312,9.545745947152861,9.052655215354617,4.49509348803118,M3,8.134262832208663,-1.4766324306366894
M4_raw_ElasticNet,M4,"['log10_dq_var', 'peak_c_rate', 'switch_soc', 'qd_initial_median', 'qd_slope_10_100', 'tavg_median_100', 'ir_median_100']",7,ElasticNet,raw,"{""alpha"": 1.0, ""l1_ratio"": 0.8}",9.124303953934026,1.9971154506080597,75.57372239614462,9.058414877259862,8.72155016915247,4.033555522729173,M3,8.280442549724556,-0.8438614042094699
M4_raw_RandomForest,M4,"['log10_dq_var', 'peak_c_rate', 'switch_soc', 'qd_initial_median', 'qd_slope_10_100', 'tavg_median_100', 'ir_median_100']",7,RandomForest,raw,"{""max_depth"": 3, ""max_features"": 1.0, ""min_samples_leaf"": 3, ""n_estimators"": 100}",8.735861983488345,3.7391876916704656,72.14602996329067,8.785241623689162,9.253566152380998,4.62164669758345,M3,8.921650886943945,0.18578890345560062
M4_raw_XGBoost,M4,"['log10_dq_var', 'peak_c_rate', 'switch_soc', 'qd_initial_median', 'qd_slope_10_100', 'tavg_median_100', 'ir_median_100']",7,XGBoost,raw,"{""learning_rate"": 0.03, ""max_depth"": 1, ""min_child_weight"": 5, ""n_estimators"": 120, ""reg_lambda"": 10.0}",11.14233689451672,4.636247130121905,91.38841814313616,11.090619508404782,11.921538051583212,6.5253268164818925,M3,10.846920574168864,-0.29541632034785614
M4_raw_LightGBM,M4,"['log10_dq_var', 'peak_c_rate', 'switch_soc', 'qd_initial_median', 'qd_slope_10_100', 'tavg_median_100', 'ir_median_100']",7,LightGBM,raw,"{""learning_rate"": 0.03, ""max_depth"": 2, ""min_child_samples"": 5, ""n_estimators"": 120, ""num_leaves"": 3, ""reg_lambda"": 10.0}",11.612817847688385,3.9361304519555635,95.84445737199977,11.556485065005468,10.94254278342667,3.5989114728634024,M3,11.275656028959553,-0.33716181872883233
M4_log10_Linear,M4,"['log10_dq_var', 'peak_c_rate', 'switch_soc', 'qd_initial_median', 'qd_slope_10_100', 'tavg_median_100', 'ir_median_100']",7,Linear,log10,{},9.930582792180251,4.713534467048614,88.87886113494382,9.799032970690895,9.551049824554246,3.3165245691977003,M3,8.704307931702182,-1.2262748604780693
M4_log10_Ridge,M4,"['log10_dq_var', 'peak_c_rate', 'switch_soc', 'qd_initial_median', 'qd_slope_10_100', 'tavg_median_100', 'ir_median_100']",7,Ridge,log10,"{""alpha"": 10.0}",9.168528152819997,1.3084517133123987,78.81891457216625,9.120885294466104,8.993578373931182,3.9301415656829235,M3,8.475699499466433,-0.6928286533535637
M4_log10_ElasticNet,M4,"['log10_dq_var', 'peak_c_rate', 'switch_soc', 'qd_initial_median', 'qd_slope_10_100', 'tavg_median_100', 'ir_median_100']",7,ElasticNet,log10,"{""alpha"": 0.01, ""l1_ratio"": 0.2}",8.8522936809621,2.984336685387496,82.43923927083367,8.78475014192283,9.12037042449052,2.4351268153884797,M3,8.678788359980292,-0.1735053209818087
M4_log10_RandomForest,M4,"['log10_dq_var', 'peak_c_rate', 'switch_soc', 'qd_initial_median', 'qd_slope_10_100', 'tavg_median_100', 'ir_median_100']",7,RandomForest,log10,"{""max_depth"": 3, ""max_features"": 1.0, ""min_samples_leaf"": 3, ""n_estimators"": 100}",8.474917578719381,3.7788632883511966,71.17011410910342,8.521833751837756,9.121563667549017,4.2283766475039855,M3,8.533435639400619,0.058518060681237216
M4_log10_XGBoost,M4,"['log10_dq_var', 'peak_c_rate', 'switch_soc', 'qd_initial_median', 'qd_slope_10_100', 'tavg_median_100', 'ir_median_100']",7,XGBoost,log10,"{""learning_rate"": 0.03, ""max_depth"": 1, ""min_child_weight"": 5, ""n_estimators"": 120, ""reg_lambda"": 10.0}",11.100631152516396,4.699885852730157,92.8957277570452,11.057833063546193,11.913369959237633,6.178809718672272,M3,11.027001190718831,-0.07362996179756465
M4_log10_LightGBM,M4,"['log10_dq_var', 'peak_c_rate', 'switch_soc', 'qd_initial_median', 'qd_slope_10_100', 'tavg_median_100', 'ir_median_100']",7,LightGBM,log10,"{""learning_rate"": 0.03, ""max_depth"": 2, ""min_child_samples"": 5, ""n_estimators"": 120, ""num_leaves"": 3, ""reg_lambda"": 10.0}",11.119191404515233,3.911895386716025,93.9361170174094,11.07556092724853,10.995827302381475,3.5715158975928682,M3,11.07809514567094,-0.04109625884429313
