cell_id,partition,actual,predicted,signed_error,absolute_error,ape_pct,baseline_prediction,policy,protocol_group,dq_status,log10_dq_var
b2c6,Batch2,393.0,627.0894589104718,234.08945891047176,234.08945891047176,59.5647478143694,858.5,3.6C(9%)-5C,3.6C(9%)-5C,ok,-3.5284600452805113
b2c18,Batch2,449.0,696.7885507470552,247.7885507470552,247.7885507470552,55.18675963186084,858.5,5.2C(50%)-4.25C,5.2C(50%)-4.25C,ok,-3.705593875113381
b2c19,Batch2,392.0,603.9190426835485,211.91904268354847,211.91904268354847,54.06098027641543,858.5,6C(60%)-3C,6C(60%)-3C,ok,-3.290169215638233
b2c15,Batch2,396.0,606.2539636799455,210.2539636799455,210.2539636799455,53.09443527271351,858.5,3.6C(9%)-5C,3.6C(9%)-5C,ok,-3.514521225122732
b2c21,Batch2,408.0,603.9190426835485,195.91904268354847,195.91904268354847,48.01937320675208,858.5,6C(60%)-3C,6C(60%)-3C,ok,-3.3248965497121463
b3c38,Batch3,1935.0,1107.3363998861598,-827.6636001138402,827.6636001138402,42.77331266738192,858.5,5C(67%)-4C-newstructure,5C(67%)-4C,ok,-4.340509808056121
b3c40,Batch3,796.0,1101.458767614558,305.4587676145579,305.4587676145579,38.37421703700477,858.5,5.6C(19%)-4.6C-newstructure,5.6C(19%)-4.6C,ok,-4.293409277720822
b3c7,Batch3,1836.0,1143.9423572935525,-692.0576427064475,692.0576427064475,37.69377138924006,858.5,4.8C(80%)-4.8C-newstructure,4.8C(80%)-4.8C,ok,-4.487131465215168
b3c45,Batch3,1801.0,1143.9423572935525,-657.0576427064475,657.0576427064475,36.4829340758716,858.5,4.8C(80%)-4.8C-newstructure,4.8C(80%)-4.8C,ok,-4.519231830835783
b3c41,Batch3,786.0,1054.996400080989,268.9964000809887,268.9964000809887,34.223460570100336,858.5,5.6C(36%)-4.3C-newstructure,5.6C(36%)-4.3C,ok,-4.217938700806827
