cell_id,batch,policy,protocol_group,max_feature_cycle,initialization_rows,invalid_ir_rows,capacity_jump_count,curve10_status,curve100_status,dq_status
b1c0,1,3.6C(80%)-3.6C,3.6C(80%)-3.6C,100,1,0,1,ok,ok,ok
b1c1,1,3.6C(80%)-3.6C,3.6C(80%)-3.6C,100,1,1,0,ok,ok,ok
b1c2,1,3.6C(80%)-3.6C,3.6C(80%)-3.6C,100,1,1,0,ok,ok,ok
b1c3,1,4C(80%)-4C,4C(80%)-4C,100,1,1,0,ok,ok,ok
b1c4,1,4C(80%)-4C,4C(80%)-4C,100,1,1,0,ok,ok,ok
b1c5,1,4.4C(80%)-4.4C,4.4C(80%)-4.4C,100,1,0,0,ok,ok,ok
b1c6,1,4.8C(80%)-4.8C,4.8C(80%)-4.8C,100,1,1,0,ok,ok,ok
b1c7,1,4.8C(80%)-4.8C,4.8C(80%)-4.8C,100,1,1,0,ok,ok,ok
b1c8,1,5.4C(40%)-3.6C,5.4C(40%)-3.6C,100,1,0,0,ok,ok,ok
b1c9,1,5.4C(40%)-3.6C,5.4C(40%)-3.6C,100,1,0,0,ok,ok,ok
b1c10,1,5.4C(50%)-3C,5.4C(50%)-3C,100,1,1,0,ok,ok,ok
b1c11,1,5.4C(50%)-3C,5.4C(50%)-3C,100,1,1,0,ok,ok,ok
b1c12,1,5.4C(50%)-3.6C,5.4C(50%)-3.6C,100,1,0,0,ok,ok,ok
b1c13,1,5.4C(50%)-3.6C,5.4C(50%)-3.6C,100,1,0,0,ok,ok,ok
b1c14,1,5.4C(60%)-3C,5.4C(60%)-3C,100,1,0,0,ok,ok,ok
b1c15,1,5.4C(60%)-3C,5.4C(60%)-3C,100,1,0,0,ok,ok,ok
b1c16,1,5.4C(60%)-3.6C,5.4C(60%)-3.6C,100,1,1,0,ok,ok,ok
b1c17,1,5.4C(60%)-3.6C,5.4C(60%)-3.6C,100,1,0,0,ok,ok,ok
b1c18,1,5.4C(70%)-3C,5.4C(70%)-3C,100,1,0,1,ok,ok,ok
b1c19,1,5.4C(70%)-3C,5.4C(70%)-3C,100,1,0,0,ok,ok,ok
b1c20,1,5.4C(80%)-5.4C,5.4C(80%)-5.4C,100,1,1,0,ok,ok,ok
b1c21,1,5.4C(80%)-5.4C,5.4C(80%)-5.4C,100,1,1,0,ok,ok,ok
b1c22,1,6C(30%)-3.6C,6C(30%)-3.6C,100,1,0,0,ok,ok,ok
b1c23,1,6C(30%)-3.6C,6C(30%)-3.6C,100,1,0,0,ok,ok,ok
b1c24,1,6C(40%)-3C,6C(40%)-3C,100,1,0,0,ok,ok,ok
b1c25,1,6C(40%)-3C,6C(40%)-3C,100,1,0,0,ok,ok,ok
b1c26,1,6C(40%)-3.6C,6C(40%)-3.6C,100,1,0,0,ok,ok,ok
b1c27,1,6C(40%)-3.6C,6C(40%)-3.6C,100,1,0,0,ok,ok,ok
b1c28,1,6C(50%)-3C,6C(50%)-3C,100,1,0,0,ok,ok,ok
b1c29,1,6C(50%)-3C,6C(50%)-3C,100,1,0,0,ok,ok,ok
b1c30,1,6C(50%)-3.6C,6C(50%)-3.6C,100,1,0,0,ok,ok,ok
b1c31,1,6C(50%)-3.6C,6C(50%)-3.6C,100,1,0,0,ok,ok,ok
b1c32,1,6C(60%)-3C,6C(60%)-3C,100,1,0,0,ok,ok,ok
b1c33,1,6C(60%)-3C,6C(60%)-3C,100,1,0,0,ok,ok,ok
b1c34,1,7C(30%)-3.6C,7C(30%)-3.6C,100,1,0,0,ok,ok,ok
b1c35,1,7C(30%)-3.6C,7C(30%)-3.6C,100,1,0,0,ok,ok,ok
b1c36,1,7C(40%)-3C,7C(40%)-3C,100,1,0,0,ok,ok,ok
b1c37,1,7C(40%)-3C,7C(40%)-3C,100,1,0,0,ok,ok,ok
b1c38,1,7C(40%)-3.6C,7C(40%)-3.6C,100,1,0,0,ok,ok,ok
b1c39,1,7C(40%)-3.6C,7C(40%)-3.6C,100,1,0,0,ok,ok,ok
b1c40,1,8C(15%)-3.6C,8C(15%)-3.6C,100,1,0,0,ok,ok,ok
b1c41,1,8C(15%)-3.6C,8C(15%)-3.6C,100,1,0,0,ok,ok,ok
b1c42,1,8C(25%)-3.6C,8C(25%)-3.6C,100,1,0,0,ok,ok,ok
b1c43,1,8C(25%)-3.6C,8C(25%)-3.6C,100,1,0,0,ok,ok,ok
b1c44,1,8C(35%)-3.6C,8C(35%)-3.6C,100,1,0,0,ok,ok,ok
b1c45,1,8C(35%)-3.6C,8C(35%)-3.6C,100,1,0,0,ok,ok,ok
b2c0,2,5.2C(58%)-4C,5.2C(58%)-4C,100,0,0,0,ok,ok,ok
b2c1,2,5.6C(26%)-4.5C,5.6C(26%)-4.5C,100,0,0,0,ok,ok,ok
b2c2,2,5.2C(50%)-4.25C,5.2C(50%)-4.25C,100,0,0,1,ok,ok,ok
b2c3,2,4.65C(44%)-5C,4.65C(44%)-5C,100,0,0,0,ok,ok,ok
b2c4,2,4.65C(69%)-6C,4.65C(69%)-6C,100,0,0,0,ok,ok,ok
b2c5,2,3.6C(30%)-6C,3.6C(30%)-6C,100,0,0,1,ok,ok,ok
b2c6,2,3.6C(9%)-5C,3.6C(9%)-5C,100,0,0,0,ok,ok,ok
b2c7,2,4.8C(80%)-4.8C-newstructure,4.8C(80%)-4.8C,100,0,0,0,ok,ok,ok
b2c8,2,5.2C(58%)-4C-newstructure,5.2C(58%)-4C,100,0,0,1,ok,ok,ok
b2c9,2,5.6C(26%)-4.5C-newstructure,5.6C(26%)-4.5C,100,0,0,0,ok,ok,ok
b2c10,2,4.8C(80%)-4.8C,4.8C(80%)-4.8C,100,0,0,1,ok,ok,ok
b2c11,2,5.2C(50%)-4.25C,5.2C(50%)-4.25C,100,0,0,1,ok,ok,ok
b2c12,2,4.65C(44%)-5C,4.65C(44%)-5C,100,0,0,0,ok,ok,ok
b2c13,2,4.65C(69%)-6C,4.65C(69%)-6C,100,0,0,0,ok,ok,ok
b2c14,2,3.6C(30%)-6C,3.6C(30%)-6C,100,0,0,0,ok,ok,ok
b2c15,2,3.6C(9%)-5C,3.6C(9%)-5C,100,0,0,0,ok,ok,ok
b2c16,2,4.8C(80%)-4.8C,4.8C(80%)-4.8C,100,0,0,0,ok,ok,ok
b2c17,2,5.6C(26%)-4.5C,5.6C(26%)-4.5C,100,0,0,0,ok,ok,ok
b2c18,2,5.2C(50%)-4.25C,5.2C(50%)-4.25C,100,0,0,0,ok,ok,ok
b2c19,2,6C(60%)-3C,6C(60%)-3C,100,0,0,0,ok,ok,ok
b2c20,2,5.2C(58%)-4C,5.2C(58%)-4C,100,0,0,0,ok,ok,ok
b2c21,2,6C(60%)-3C,6C(60%)-3C,100,0,0,1,ok,ok,ok
b2c24,2,4.8C(80%)-4.8C,4.8C(80%)-4.8C,100,0,0,0,ok,ok,ok
b2c25,2,5.2C(58%)-4C,5.2C(58%)-4C,100,0,0,0,ok,ok,ok
b2c26,2,5.6C(26%)-4.5C,5.6C(26%)-4.5C,100,0,0,0,ok,ok,ok
b2c27,2,5.2C(50%)-4.25C,5.2C(50%)-4.25C,100,0,0,0,ok,ok,ok
b2c28,2,4.8C(80%)-4.8C,4.8C(80%)-4.8C,100,0,0,0,ok,ok,ok
b2c29,2,5.2C(58%)-4C,5.2C(58%)-4C,100,0,0,0,ok,ok,ok
b2c30,2,5.6C(26%)-4.5C,5.6C(26%)-4.5C,100,0,0,0,ok,ok,ok
b2c31,2,5.6C(26%)-4.5C,5.6C(26%)-4.5C,100,0,0,0,ok,ok,ok
b2c32,2,4.8C(80%)-4.8C-newstructure,4.8C(80%)-4.8C,100,0,0,0,ok,ok,ok
b2c33,2,5.2C(58%)-4C-newstructure,5.2C(58%)-4C,100,0,0,1,ok,ok,ok
b2c34,2,5.6C(26%)-4.5C-newstructure,5.6C(26%)-4.5C,100,0,0,0,ok,ok,ok
b2c41,2,5.6C(26%)-4.5C,5.6C(26%)-4.5C,100,0,100,0,ok,ok,ok
b2c42,2,5.2C(50%)-4.25C,5.2C(50%)-4.25C,100,0,100,0,ok,ok,ok
b2c43,2,4.8C(80%)-4.8C-newstructure,4.8C(80%)-4.8C,100,0,100,0,ok,ok,ok
b2c44,2,5.2C(58%)-4C-newstructure,5.2C(58%)-4C,100,0,100,0,ok,ok,ok
b2c45,2,5.6C(26%)-4.5C-newstructure,5.6C(26%)-4.5C,100,0,100,1,ok,ok,ok
b2c46,2,4.8C(80%)-4.8C,4.8C(80%)-4.8C,100,0,100,0,ok,ok,ok
b3c0,3,5C(67%)-4C-newstructure,5C(67%)-4C,100,0,0,0,ok,ok,ok
b3c1,3,5.3C(54%)-4C-newstructure,5.3C(54%)-4C,100,0,0,0,ok,ok,ok
b3c2,3,5.6C(19%)-4.6C-newstructure,5.6C(19%)-4.6C,100,0,0,0,ok,ok,ok
b3c3,3,5.6C(36%)-4.3C-newstructure,5.6C(36%)-4.3C,100,0,0,0,ok,ok,ok
b3c4,3,5.6C(19%)-4.6C-newstructure,5.6C(19%)-4.6C,100,0,0,0,ok,ok,ok
b3c5,3,5.6C(36%)-4.3C-newstructure,5.6C(36%)-4.3C,100,0,0,0,ok,ok,ok
b3c6,3,3.7C(31%)-5.9C-newstructure,3.7C(31%)-5.9C,100,0,0,0,ok,ok,ok
b3c7,3,4.8C(80%)-4.8C-newstructure,4.8C(80%)-4.8C,100,0,0,0,ok,ok,ok
b3c8,3,5C(67%)-4C-newstructure,5C(67%)-4C,100,0,0,0,ok,ok,ok
b3c9,3,5.3C(54%)-4C-newstructure,5.3C(54%)-4C,100,0,0,0,ok,ok,ok
b3c10,3,4.8C(80%)-4.8C-newstructure,4.8C(80%)-4.8C,100,0,0,0,ok,ok,ok
b3c11,3,5.6C(19%)-4.6C-newstructure,5.6C(19%)-4.6C,100,0,0,0,ok,ok,ok
b3c12,3,5.6C(36%)-4.3C-newstructure,5.6C(36%)-4.3C,100,0,0,0,ok,ok,ok
b3c13,3,5.6C(19%)-4.6C-newstructure,5.6C(19%)-4.6C,100,0,0,0,ok,ok,ok
b3c14,3,5.6C(36%)-4.3C-newstructure,5.6C(36%)-4.3C,100,0,0,0,ok,ok,ok
b3c15,3,5.9C(15%)-4.6C-newstructure,5.9C(15%)-4.6C,100,0,0,0,ok,ok,ok
b3c16,3,4.8C(80%)-4.8C-newstructure,4.8C(80%)-4.8C,100,0,0,0,ok,ok,ok
b3c17,3,5.3C(54%)-4C-newstructure,5.3C(54%)-4C,100,0,0,0,ok,ok,ok
b3c18,3,5.6C(19%)-4.6C-newstructure,5.6C(19%)-4.6C,100,0,0,0,ok,ok,ok
b3c19,3,5.6C(36%)-4.3C-newstructure,5.6C(36%)-4.3C,100,0,0,0,ok,ok,ok
b3c20,3,5C(67%)-4C-newstructure,5C(67%)-4C,100,0,0,0,ok,ok,ok
b3c21,3,3.7C(31%)-5.9C-newstructure,3.7C(31%)-5.9C,100,0,0,0,ok,ok,ok
b3c22,3,5.9C(60%)-3.1C-newstructure,5.9C(60%)-3.1C,100,0,0,0,ok,ok,ok
b3c24,3,5C(67%)-4C-newstructure,5C(67%)-4C,100,0,0,0,ok,ok,ok
b3c25,3,5.3C(54%)-4C-newstructure,5.3C(54%)-4C,100,0,0,0,ok,ok,ok
b3c26,3,5.6C(19%)-4.6C-newstructure,5.6C(19%)-4.6C,100,0,0,0,ok,ok,ok
b3c27,3,5.6C(36%)-4.3C-newstructure,5.6C(36%)-4.3C,100,0,0,0,ok,ok,ok
b3c28,3,3.7C(31%)-5.9C-newstructure,3.7C(31%)-5.9C,100,0,0,0,ok,ok,ok
b3c29,3,5.9C(15%)-4.6C-newstructure,5.9C(15%)-4.6C,100,0,0,0,ok,ok,ok
b3c30,3,5.3C(54%)-4C-newstructure,5.3C(54%)-4C,100,0,0,0,ok,ok,ok
b3c31,3,5.9C(60%)-3.1C-newstructure,5.9C(60%)-3.1C,100,0,0,0,ok,ok,ok
b3c33,3,5C(67%)-4C-newstructure,5C(67%)-4C,100,0,0,0,ok,ok,ok
b3c34,3,5.3C(54%)-4C-newstructure,5.3C(54%)-4C,100,0,0,0,ok,ok,ok
b3c35,3,5.6C(19%)-4.6C-newstructure,5.6C(19%)-4.6C,100,0,0,0,ok,ok,ok
b3c36,3,5.6C(36%)-4.3C-newstructure,5.6C(36%)-4.3C,100,0,0,0,ok,ok,ok
b3c37,3,4.8C(80%)-4.8C-newstructure,4.8C(80%)-4.8C,100,0,0,0,ok,ok,ok
b3c38,3,5C(67%)-4C-newstructure,5C(67%)-4C,100,0,0,0,ok,ok,ok
b3c39,3,5.3C(54%)-4C-newstructure,5.3C(54%)-4C,100,0,0,0,ok,ok,ok
b3c40,3,5.6C(19%)-4.6C-newstructure,5.6C(19%)-4.6C,100,0,0,0,ok,ok,ok
b3c41,3,5.6C(36%)-4.3C-newstructure,5.6C(36%)-4.3C,100,0,0,0,ok,ok,ok
b3c42,3,4.8C(80%)-4.8C-newstructure,4.8C(80%)-4.8C,100,0,0,0,ok,ok,ok
b3c43,3,5C(67%)-4C-newstructure,5C(67%)-4C,100,0,0,0,ok,ok,ok
b3c44,3,5.3C(54%)-4C-newstructure,5.3C(54%)-4C,100,0,0,0,ok,ok,ok
b3c45,3,4.8C(80%)-4.8C-newstructure,4.8C(80%)-4.8C,100,0,0,0,ok,ok,ok
