batch,feature,selected,n,valid_n,missing_rate_pct,minimum,maximum,median,q25,q75,batch1_min,batch1_max,below_batch1_pct,above_batch1_pct,outside_batch1_pct,wasserstein_distance
1,log10_dq_var,True,46,46,0.0,-5.013577577359839,-3.348682454033381,-3.849456049943874,-4.052615142367404,-3.6662060880073457,-5.013577577359839,-3.348682454033381,0.0,0.0,0.0,0.0
2,log10_dq_var,True,39,39,0.0,-4.447098756963409,-3.084043485201246,-3.4855341756339127,-3.672299696435909,-3.333742705598312,-5.013577577359839,-3.348682454033381,0.0,28.205128205128204,28.205128205128204,0.3404190536270698
3,log10_dq_var,True,44,44,0.0,-5.112171788386685,-3.449824526532778,-4.173545877832202,-4.322342267014162,-4.063975013208665,-5.013577577359839,-3.348682454033381,2.272727272727273,0.0,2.272727272727273,0.28733912315632576
1,peak_c_rate,False,46,46,0.0,3.6,8.0,6.0,5.4,6.75,3.6,8.0,0.0,0.0,0.0,0.0
2,peak_c_rate,False,39,39,0.0,4.8,6.0,5.2,5.0,5.6,3.6,8.0,0.0,0.0,0.0,0.80891861761427
3,peak_c_rate,False,44,44,0.0,4.8,5.9,5.6,5.0,5.6,3.6,8.0,0.0,0.0,0.0,0.748517786561265
1,switch_soc,False,46,46,0.0,15.0,80.0,50.0,40.0,67.5,15.0,80.0,0.0,0.0,0.0,0.0
2,switch_soc,False,39,39,0.0,9.0,80.0,50.0,26.0,64.5,15.0,80.0,5.128205128205128,0.0,5.128205128205128,4.438127090301004
3,switch_soc,False,44,44,0.0,15.0,80.0,54.0,31.0,67.0,15.0,80.0,0.0,0.0,0.0,6.148221343873518
1,qd_initial_median,False,46,46,0.0,1.0558786,1.0967276,1.0803078,1.076665175,1.0837407,1.0558786,1.0967276,0.0,0.0,0.0,0.0
2,qd_initial_median,False,39,39,0.0,1.0676959,1.1100956,1.0971565,1.09054415,1.10164605,1.0558786,1.0967276,0.0,51.28205128205128,51.28205128205128,0.014380319788182848
3,qd_initial_median,False,44,44,0.0,1.0479383,1.0754544,1.06692965,1.0619312250000001,1.06970415,1.0558786,1.0967276,13.636363636363635,0.0,13.636363636363635,0.0151606287549407
1,qd_slope_10_100,False,46,46,0.0,-0.00015732962962962857,1.1793333333335691e-05,-1.5706250000000616e-05,-2.250141700404721e-05,-5.76234821778538e-06,-0.00015732962962962857,1.1793333333335691e-05,0.0,0.0,0.0,0.0
2,qd_slope_10_100,False,39,39,0.0,-0.00019055625000000131,0.00011400555555555562,2.542702702702605e-05,-2.7285714285703963e-05,5.350114795918184e-05,-0.00015732962962962857,1.1793333333335691e-05,2.564102564102564,56.41025641025641,58.97435897435898,4.267505201102669e-05
3,qd_slope_10_100,False,44,44,0.0,-0.00020480999999999971,-1.3538461538509239e-06,-1.8871929824556566e-05,-2.5249166666663477e-05,-1.1736428571429953e-05,-0.00015732962962962857,1.1793333333335691e-05,6.8181818181818175,0.0,6.8181818181818175,9.864364915040753e-06
1,tavg_median_100,False,46,46,0.0,29.84754823539978,33.872707935886,32.73922158554346,32.02103057933171,33.27481524384089,29.84754823539978,33.872707935886,0.0,0.0,0.0,0.0
2,tavg_median_100,False,39,39,0.0,29.84818520535628,35.67517232872889,33.0179322423747,32.16409913305716,33.64092811665326,29.84754823539978,33.872707935886,0.0,15.384615384615385,15.384615384615385,0.3700709999853439
3,tavg_median_100,False,44,44,0.0,31.24693296067698,36.77135577544607,34.12425403723142,33.082983299620196,35.13582024965734,29.84754823539978,33.872707935886,0.0,56.81818181818182,56.81818181818182,1.577779810220679
1,ir_median_100,False,46,46,0.0,0.0151120665,0.019886132,0.0166419525,0.01631762625,0.016762357,0.0151120665,0.019886132,0.0,0.0,0.0,0.0
2,ir_median_100,False,39,33,15.384615384615385,0.014786931,0.0176412945,0.0164960595,0.016027561,0.017048484500000002,0.0151120665,0.019886132,12.121212121212121,0.0,12.121212121212121,0.0003994266492094864
3,ir_median_100,False,44,44,0.0,0.013436327500000001,0.018312705,0.015367097,0.015125409625,0.015575303249999999,0.0151120665,0.019886132,22.727272727272727,0.0,22.727272727272727,0.0012570209446640314
1,qd_initial_median_clean,False,46,46,0.0,1.0558786,1.0967276,1.0803078,1.076665175,1.0837407,1.0558786,1.0967276,0.0,0.0,0.0,0.0
2,qd_initial_median_clean,False,39,39,0.0,1.0676959,1.1100956,1.0971565,1.09054415,1.10164605,1.0558786,1.0967276,0.0,51.28205128205128,51.28205128205128,0.014380319788182848
3,qd_initial_median_clean,False,44,44,0.0,1.0479383,1.0754544,1.06692965,1.0619312250000001,1.06970415,1.0558786,1.0967276,13.636363636363635,0.0,13.636363636363635,0.0151606287549407
1,qd_slope_10_100_clean,False,46,46,0.0,-0.00015732962962962857,1.1793333333335691e-05,-1.5706250000000616e-05,-2.250141700404721e-05,-5.33203933747502e-06,-0.00015732962962962857,1.1793333333335691e-05,0.0,0.0,0.0,0.0
2,qd_slope_10_100_clean,False,39,39,0.0,-0.00019081836734693934,0.00011400555555555562,2.542702702702605e-05,-2.7285714285703963e-05,5.350114795918184e-05,-0.00015732962962962857,1.1793333333335691e-05,2.564102564102564,56.41025641025641,58.97435897435898,4.258380116888039e-05
3,qd_slope_10_100_clean,False,44,44,0.0,-0.00020480999999999971,-1.3538461538509239e-06,-1.8871929824556566e-05,-2.5249166666663477e-05,-1.1736428571429953e-05,-0.00015732962962962857,1.1793333333335691e-05,6.8181818181818175,0.0,6.8181818181818175,9.880527457965058e-06
1,dq_min,False,46,46,0.0,-0.06471986444729538,-0.008410287955280649,-0.036342163317368614,-0.04458511298330059,-0.028463840049934935,-0.06471986444729538,-0.008410287955280649,0.0,0.0,0.0,0.0
2,dq_min,False,39,39,0.0,-0.08614498927221281,-0.019141839468603483,-0.05416455819922383,-0.06456902659924818,-0.042735932938707644,-0.06471986444729538,-0.008410287955280649,23.076923076923077,0.0,23.076923076923077,0.01619664139841214
3,dq_min,False,44,44,0.0,-0.057820577569168696,-0.005599976748413393,-0.02479074659040703,-0.028153222201080103,-0.020080460852651666,-0.06471986444729538,-0.008410287955280649,0.0,4.545454545454546,4.545454545454546,0.010906844423862458
1,c_rate_1,False,46,46,0.0,3.6,8.0,6.0,5.4,6.75,3.6,8.0,0.0,0.0,0.0,0.0
2,c_rate_1,False,39,39,0.0,3.6,6.0,5.2,4.8,5.6,3.6,8.0,0.0,0.0,0.0,0.8663322185061317
3,c_rate_1,False,44,44,0.0,3.7,5.9,5.3,5.0,5.6,3.6,8.0,0.0,0.0,0.0,0.7348814229249014
1,c_rate_2,False,46,46,0.0,3.0,5.4,3.6,3.0,3.6,3.0,5.4,0.0,0.0,0.0,0.0
2,c_rate_2,False,39,39,0.0,3.0,6.0,4.5,4.25,4.8,3.0,5.4,0.0,10.256410256410255,10.256410256410255,0.9853400222965439
3,c_rate_2,False,44,44,0.0,3.1,5.9,4.3,4.0,4.6,3.0,5.4,0.0,6.8181818181818175,6.8181818181818175,0.8060276679841897
1,c_rate_gap,False,46,46,0.0,0.0,4.4,2.4000000000000004,1.8000000000000003,3.3,0.0,4.4,0.0,0.0,0.0,0.0
2,c_rate_gap,False,39,39,0.0,-2.4,3.0,0.9500000000000002,0.0,1.0999999999999996,0.0,4.4,20.51282051282051,0.0,20.51282051282051,1.8328316610925308
3,c_rate_gap,False,44,44,0.0,-2.2,2.8000000000000003,1.0,1.0,1.2999999999999998,0.0,4.4,6.8181818181818175,0.0,6.8181818181818175,1.4713438735177868
1,t80_min,False,46,46,0.0,8.88888888888889,13.333333333333334,10.904761904761905,10.023809523809526,11.428571428571427,8.88888888888889,13.333333333333334,0.0,0.0,0.0,0.0
2,t80_min,False,39,39,0.0,9.985714285714286,10.020000000000001,10.0,9.992307692307692,10.000000000000002,8.88888888888889,13.333333333333334,0.0,0.0,0.0,1.010568805646547
3,t80_min,False,44,44,0.0,9.972662657189721,10.013207547169811,9.996677740863788,9.992236024844724,10.005282917405246,8.88888888888889,13.333333333333334,0.0,0.0,0.0,1.008292703983371
1,chargetime_median_100,False,46,46,0.0,8.985736666666586,13.358211666666708,10.959348333333644,10.12627625000003,11.524744583333328,8.985736666666586,13.358211666666708,0.0,0.0,0.0,0.0
2,chargetime_median_100,False,39,39,0.0,10.035633333332953,10.23871166666698,10.173719999999836,10.169841250000658,10.176987916666986,8.985736666666586,13.358211666666708,0.0,0.0,0.0,0.9454591081382029
3,chargetime_median_100,False,44,44,0.0,10.04128166666657,11.040202500000305,10.043371666666584,10.042383958333145,10.045186041666602,8.985736666666586,13.358211666666708,0.0,0.0,0.0,0.9090176465744939
1,qd_change,False,46,46,0.0,-0.012733500000000175,0.004905700000000124,0.0009950000000001902,-2.8374999999858375e-05,0.0027308500000000624,-0.012733500000000175,0.004905700000000124,0.0,0.0,0.0,0.0
2,qd_change,False,39,39,0.0,-0.019760599999999906,0.012974400000000053,0.0016963999999999313,-0.00141659999999999,0.0058778999999999915,-0.012733500000000175,0.004905700000000124,2.564102564102564,28.205128205128204,30.76923076923077,0.002799414548494975
3,qd_change,False,44,44,0.0,-0.018918400000000002,0.0021263999999998617,0.0003429999999998712,-0.0006042749999999875,0.0010263750000000793,-0.012733500000000175,0.004905700000000124,6.8181818181818175,0.0,6.8181818181818175,0.0015687603754941065
1,effective_c_rate_80,False,46,46,0.0,3.5999999999999996,5.3999999999999995,4.401746724890829,4.2,4.788679245283018,3.5999999999999996,5.3999999999999995,0.0,0.0,0.0,0.0
2,effective_c_rate_80,False,39,39,0.0,4.790419161676646,4.8068669527897,4.8,4.799999999999999,4.803695150115473,3.5999999999999996,5.3999999999999995,0.0,0.0,0.0,0.4189913992397345
3,effective_c_rate_80,False,44,44,0.0,4.7936687394007915,4.813157894736842,4.8015952143569285,4.797465905746645,4.803729603729602,3.5999999999999996,5.3999999999999995,0.0,0.0,0.0,0.41789788736555866
1,qd_ratio,False,46,46,0.0,0.988149163349639,1.0045558219833248,1.0009203509044489,0.9999739515922453,1.0025253603724864,0.988149163349639,1.0045558219833248,0.0,0.0,0.0,0.0
2,qd_ratio,False,39,39,0.0,0.9820177787444041,1.011762762530256,1.0015533889546206,0.9987045398967773,1.005320711071271,0.988149163349639,1.0045558219833248,2.564102564102564,28.205128205128204,30.76923076923077,0.0025308745493225356
3,qd_ratio,False,44,44,0.0,0.9822031704365521,1.0020289390988129,1.0003219746946528,0.9994317957051752,1.0009622270087313,0.988149163349639,1.0045558219833248,6.8181818181818175,0.0,6.8181818181818175,0.0014704218176913786
