cell_id,partition,actual,predicted,signed_error,absolute_error,ape_pct,baseline_prediction
b1c0,Train,1190.0,1068.4853623653535,-121.51463763464653,121.51463763464653,10.211314086945086,854.0
b1c1,Train,1179.0,1068.4853623653535,-110.51463763464653,110.51463763464653,9.373590978341522,854.0
b1c10,Train,906.0,884.0351000159792,-21.964899984020803,21.964899984020803,2.4243818966910378,854.0
b1c13,Train,897.0,985.0960404027561,88.0960404027561,88.0960404027561,9.821186221043043,842.0
b1c14,Train,880.0,981.2467894057033,101.24678940570334,101.24678940570334,11.505316977920833,849.5
b1c15,Train,719.0,926.590828433614,207.59082843361398,207.59082843361398,28.872159726510983,849.5
b1c17,Train,857.0,862.9187395804239,5.918739580423903,5.918739580423903,0.6906347235033726,842.0
b1c18,Train,691.0,666.7656114534027,-24.2343885465973,24.2343885465973,3.507147401823054,842.0
b1c19,Train,788.0,665.6086304373702,-122.39136956262985,122.39136956262985,15.531899690689066,842.0
b1c20,Train,534.0,660.610479707689,126.61047970768902,126.61047970768902,23.70982766061592,854.0
b1c21,Train,559.0,660.610479707689,101.61047970768902,101.61047970768902,18.177187783128627,854.0
b1c22,Train,891.0,862.9187395804239,-28.081260419576097,28.081260419576097,3.1516566127470362,842.0
b1c23,Train,1014.0,894.7098217853396,-119.29017821466039,119.29017821466039,11.764317378171636,842.0
b1c24,Train,1017.0,868.7129782769058,-148.2870217230942,148.2870217230942,14.580828094699527,849.5
b1c25,Train,854.0,932.0806476879164,78.08064768791644,78.08064768791644,9.142932984533541,849.5
b1c26,Train,870.0,812.5459964905439,-57.45400350945613,57.45400350945613,6.603908449362773,854.0
b1c27,Train,842.0,846.3643447401416,4.364344740141632,4.364344740141632,0.518330729232973,854.0
b1c28,Train,860.0,831.7440649464784,-28.255935053521625,28.255935053521625,3.285573843432747,842.0
b1c29,Train,917.0,831.7440649464784,-85.25593505352163,85.25593505352163,9.297266636152848,842.0
b1c3,Train,1226.0,1047.4853028848222,-178.5146971151778,178.5146971151778,14.560742015919887,854.0
b1c30,Train,709.0,701.1328429398858,-7.867157060114209,7.867157060114209,1.1096131255450226,854.0
b1c33,Train,757.0,689.6130062198853,-67.38699378011472,67.38699378011472,8.901848583898907,849.5
b1c34,Train,742.0,874.3079873928474,132.3079873928474,132.3079873928474,17.831265147284014,854.0
b1c35,Train,703.0,730.164707775232,27.164707775232046,27.164707775232046,3.8641120590657247,854.0
b1c36,Train,704.0,695.8816082456793,-8.118391754320669,8.118391754320669,1.1531806469205497,854.0
b1c37,Train,648.0,695.8816082456793,47.88160824567933,47.88160824567933,7.389137074950513,854.0
b1c38,Train,617.0,621.6858939580324,4.685893958032352,4.685893958032352,0.759464174721613,842.0
b1c39,Train,625.0,621.6858939580324,-3.314106041967648,3.314106041967648,0.5302569667148237,842.0
b1c4,Train,1227.0,1047.4853028848222,-179.5146971151778,179.5146971151778,14.630374663013676,854.0
b1c41,Train,1051.0,1064.6868559859513,13.686855985951297,13.686855985951297,1.3022698369125876,842.0
b1c42,Train,702.0,689.6130062198853,-12.386993780114722,12.386993780114722,1.7645290285063706,849.5
b1c43,Train,651.0,689.6130062198853,38.61300621988528,38.61300621988528,5.931337360965481,849.5
b1c45,Train,599.0,614.0901072248099,15.090107224809913,15.090107224809913,2.51921656507678,842.0
b1c6,Train,636.0,706.8249234330516,70.8249234330516,70.8249234330516,11.135994250479811,842.0
b1c7,Train,870.0,836.6365700649528,-33.36342993504718,33.36342993504718,3.8348770040284115,842.0
b1c9,Train,1054.0,1003.3680291788663,-50.63197082113368,50.63197082113368,4.803792298020273,849.5
b1c11,Valid,788.0,1108.9162824541168,320.91628245411675,320.91628245411675,40.72541655509096,848.0
b1c12,Valid,902.0,1108.9162824541168,206.91628245411675,206.91628245411675,22.9397208929176,848.0
b1c16,Valid,862.0,1108.9162824541168,246.91628245411675,246.91628245411675,28.64458033110403,848.0
b1c2,Valid,1177.0,1137.0596061312115,-39.94039386878853,39.94039386878853,3.3934064459463493,848.0
b1c31,Valid,876.0,703.4917102759565,-172.5082897240435,172.5082897240435,19.69272713744789,848.0
b1c32,Valid,731.0,689.3667204060029,-41.633279593997145,41.633279593997145,5.6953870853621265,848.0
b1c40,Valid,966.0,1063.5628580958692,97.56285809586916,97.56285809586916,10.099674751125171,848.0
b1c44,Valid,616.0,601.141278761721,-14.858721238279031,14.858721238279031,2.4121300711491935,848.0
b1c5,Valid,1074.0,1108.9162824541168,34.916282454116754,34.916282454116754,3.2510505078320997,848.0
b1c8,Valid,879.0,869.5952668778156,-9.404733122184439,9.404733122184439,1.0699355087809372,848.0
b2c0,Batch2,477.0,606.2539636799455,129.2539636799455,129.2539636799455,27.097267018856503,858.5
b2c1,Batch2,491.0,603.9190426835485,112.91904268354847,112.91904268354847,22.99776836732148,858.5
b2c2,Batch2,424.0,603.9190426835485,179.91904268354847,179.91904268354847,42.43373648196898,858.5
b2c3,Batch2,499.0,606.2539636799455,107.25396367994551,107.25396367994551,21.49378029658227,858.5
b2c4,Batch2,444.0,603.9190426835485,159.91904268354847,159.91904268354847,36.01780240620461,858.5
b2c5,Batch2,416.0,603.9190426835485,187.91904268354847,187.91904268354847,45.172846798929925,858.5
b2c6,Batch2,393.0,627.0894589104718,234.08945891047176,234.08945891047176,59.5647478143694,858.5
b2c7,Batch2,777.0,1054.9964000809887,277.9964000809887,277.9964000809887,35.778172468595706,858.5
b2c8,Batch2,904.0,924.3509522806626,20.35095228066257,20.35095228066257,2.2512115354715228,858.5
b2c9,Batch2,791.0,1107.3363998861598,316.3363998861598,316.3363998861598,39.99195953048797,858.5
b2c10,Batch2,492.0,603.9190426835485,111.91904268354847,111.91904268354847,22.747772903160257,858.5
b2c11,Batch2,449.0,606.2539636799455,157.2539636799455,157.2539636799455,35.023154494419934,858.5
b2c12,Batch2,466.0,603.9190426835485,137.91904268354847,137.91904268354847,29.596361090890227,858.5
b2c13,Batch2,460.0,603.9190426835485,143.91904268354847,143.91904268354847,31.28674840946706,858.5
b2c14,Batch2,426.0,603.9190426835485,177.91904268354847,177.91904268354847,41.76503349379072,858.5
b2c15,Batch2,396.0,606.2539636799455,210.2539636799455,210.2539636799455,53.09443527271351,858.5
b2c16,Batch2,472.0,606.2539636799455,134.2539636799455,134.2539636799455,28.44363637286981,858.5
b2c17,Batch2,471.0,606.2539636799455,135.2539636799455,135.2539636799455,28.71634048406487,858.5
b2c18,Batch2,449.0,696.7885507470552,247.78855074705518,247.78855074705518,55.18675963186084,858.5
b2c19,Batch2,392.0,603.9190426835485,211.91904268354847,211.91904268354847,54.06098027641543,858.5
b2c20,Batch2,489.0,603.9190426835485,114.91904268354847,114.91904268354847,23.50082672465204,858.5
b2c21,Batch2,408.0,603.9190426835485,195.91904268354847,195.91904268354847,48.01937320675208,858.5
b2c24,Batch2,514.0,695.4455462656052,181.44554626560523,181.44554626560523,35.30068993494265,858.5
b2c25,Batch2,493.0,628.3652950877133,135.36529508771332,135.36529508771332,27.45746350663556,858.5
b2c26,Batch2,450.0,603.9190426835485,153.91904268354847,153.91904268354847,34.204231707455214,858.5
b2c27,Batch2,474.0,606.2539636799455,132.2539636799455,132.2539636799455,27.90168010125433,858.5
b2c28,Batch2,437.0,603.9190426835485,166.91904268354847,166.91904268354847,38.19657727312322,858.5
b2c29,Batch2,452.0,606.2539636799455,154.2539636799455,154.2539636799455,34.126983115032196,858.5
b2c30,Batch2,412.0,603.9190426835485,191.91904268354847,191.91904268354847,46.582291913482635,858.5
b2c31,Batch2,425.0,603.9190426835485,178.91904268354847,178.91904268354847,42.098598278481994,858.5
b2c32,Batch2,809.0,924.3509522806626,115.35095228066257,115.35095228066257,14.258461344952108,858.5
b2c33,Batch2,1140.0,1054.9964000809887,-85.00359991901132,85.00359991901132,7.456456133246607,858.5
b2c34,Batch2,1186.0,1143.9423572935525,-42.057642706447496,42.057642706447496,3.5461756076262647,858.5
b2c41,Batch2,442.0,603.9190426835485,161.91904268354847,161.91904268354847,36.63326757546345,858.5
b2c42,Batch2,474.0,606.2539636799455,132.2539636799455,132.2539636799455,27.90168010125433,858.5
b2c43,Batch2,1029.0,1061.1692091074658,32.169209107465804,32.169209107465804,3.126259388480642,858.5
b2c44,Batch2,841.0,1107.3363998861598,266.3363998861598,266.3363998861598,31.669013066130773,858.5
b2c45,Batch2,997.0,1054.9964000809887,57.99640008098868,57.99640008098868,5.817091281944702,858.5
b2c46,Batch2,503.0,606.2539636799455,103.25396367994551,103.25396367994551,20.527626974144237,858.5
b3c0,Batch3,1009.0,1054.9964000809887,45.99640008098868,45.99640008098868,4.558612495638124,858.5
b3c1,Batch3,1063.0,1073.9452257418197,10.94522574181974,10.94522574181974,1.0296543501241524,858.5
b3c2,Batch3,1267.0,1143.9423572935525,-123.0576427064475,123.0576427064475,9.712521129159233,858.5
b3c3,Batch3,1115.0,924.3509522806626,-190.64904771933743,190.64904771933743,17.098569302182728,858.5
b3c4,Batch3,1048.0,1054.9964000809887,6.996400080988678,6.996400080988678,0.6675954275752556,858.5
b3c5,Batch3,828.0,924.3509522806626,96.35095228066257,96.35095228066257,11.636588439693547,858.5
b3c6,Batch3,667.0,611.5112723726214,-55.48872762737858,55.48872762737858,8.319149569322127,858.5
b3c7,Batch3,1836.0,1143.9423572935525,-692.0576427064475,692.0576427064475,37.69377138924006,858.5
b3c8,Batch3,828.0,924.3509522806626,96.35095228066257,96.35095228066257,11.636588439693547,858.5
b3c9,Batch3,1039.0,882.012896499587,-156.987103500413,156.987103500413,15.109442107835708,858.5
b3c10,Batch3,1078.0,1137.766785917409,59.766785917408924,59.766785917408924,5.544228749295819,858.5
b3c11,Batch3,817.0,878.460477878268,61.460477878267966,61.460477878267966,7.522702310681513,858.5
b3c12,Batch3,932.0,882.012896499587,-49.98710350041301,49.98710350041301,5.363423122361912,858.5
b3c13,Batch3,816.0,924.3509522806626,108.35095228066257,108.35095228066257,13.278302975571393,858.5
b3c14,Batch3,858.0,882.012896499587,24.012896499586986,24.012896499586986,2.798705885732749,858.5
b3c15,Batch3,876.0,882.012896499587,6.0128964995869865,6.0128964995869865,0.6864037099985144,858.5
b3c16,Batch3,1638.0,1143.9423572935525,-494.0576427064475,494.0576427064475,30.162249249477867,858.5
b3c17,Batch3,1315.0,1140.8949027002072,-174.10509729979276,174.10509729979276,13.239931353596408,858.5
b3c18,Batch3,1146.0,1054.9964000809887,-91.00359991901132,91.00359991901132,7.94097730532385,858.5
b3c19,Batch3,1155.0,1054.9964000809887,-100.00359991901132,100.00359991901132,8.65832033930834,858.5
b3c20,Batch3,813.0,924.3509522806626,111.35095228066257,111.35095228066257,13.69630409356243,858.5
b3c21,Batch3,772.0,696.7885507470552,-75.21144925294482,75.21144925294482,9.742415706340001,858.5
b3c22,Batch3,1002.0,902.0825755498312,-99.91742445016882,99.91742445016882,9.971798847322239,858.5
b3c24,Batch3,825.0,970.8298805820931,145.8298805820931,145.8298805820931,17.67634916146583,858.5
b3c25,Batch3,989.0,935.3290653163951,-53.670934683604855,53.670934683604855,5.426788137877134,858.5
b3c26,Batch3,1028.0,1054.9964000809887,26.99640008098868,26.99640008098868,2.6261089572946186,858.5
b3c27,Batch3,850.0,924.3509522806626,74.35095228066257,74.35095228066257,8.747170856548538,858.5
b3c28,Batch3,541.0,603.9190426835485,62.91904268354847,62.91904268354847,11.630137279768665,858.5
b3c29,Batch3,858.0,922.1569090838598,64.15690908385977,64.15690908385977,7.477495231219088,858.5
b3c30,Batch3,935.0,924.3509522806626,-10.649047719337432,10.649047719337432,1.138935584955875,858.5
b3c31,Batch3,731.0,878.460477878268,147.46047787826797,147.46047787826797,20.172431994291102,858.5
b3c33,Batch3,1284.0,1113.4502102473857,-170.5497897526143,170.5497897526143,13.282693905966845,858.5
b3c34,Batch3,1158.0,1101.458767614558,-56.54123238544207,56.54123238544207,4.882662554874099,858.5
b3c35,Batch3,1093.0,1054.9964000809887,-38.00359991901132,38.00359991901132,3.4769990776771564,858.5
b3c36,Batch3,923.0,1054.9964000809887,131.99640008098868,131.99640008098868,14.300801742252295,858.5
b3c37,Batch3,1390.0,1143.9423572935525,-246.0576427064475,246.0576427064475,17.701988683917087,858.5
b3c38,Batch3,1935.0,1107.3363998861598,-827.6636001138402,827.6636001138402,42.773312667381916,858.5
b3c39,Batch3,1156.0,1143.9423572935525,-12.057642706447496,12.057642706447496,1.04304867702833,858.5
b3c40,Batch3,796.0,1101.458767614558,305.4587676145579,305.4587676145579,38.37421703700477,858.5
b3c41,Batch3,786.0,1054.9964000809887,268.9964000809887,268.9964000809887,34.223460570100336,858.5
b3c42,Batch3,1642.0,1107.3363998861598,-534.6636001138402,534.6636001138402,32.56172960498417,858.5
b3c43,Batch3,1046.0,1107.3363998861598,61.336399886159825,61.336399886159825,5.863900562730385,858.5
b3c44,Batch3,940.0,924.3509522806626,-15.649047719337432,15.649047719337432,1.6647923105678117,858.5
b3c45,Batch3,1801.0,1143.9423572935525,-657.0576427064475,657.0576427064475,36.4829340758716,858.5
